shader,resolution,backend,case,round,frames,away_frames,camera_verified,frame_ms_median,frame_ms_p95,frame_ms_p99,frame_ms_max,halo_ms_median,halo_ms_p95,halo_ms_p99,halo_ms_max,allocated_bytes_median,allocated_bytes_p95,allocated_bytes_p99,allocated_bytes_max,submissions_median,submissions_p95,submissions_p99,submissions_max,uploaded_bytes_median,uploaded_bytes_p95,uploaded_bytes_p99,uploaded_bytes_max,warm_reentry_peak_ms,fps_mean,fps_median
bsl,1080p,baseline,0,0,278,85,True,14.18985,16.0778,18.76904,26.2003,7.3924,7.95331,8.58525,11.0864,2059568.0,2061408.0,2061408.0,2061520.0,640.0,640.0,640.0,640.0,61440.0,61440.0,61440.0,61440.0,17.7764,69.289,70.473
bsl,1080p,baseline,0,1,274,87,True,14.3835,16.46903,21.74277,25.3896,7.5803,8.56235,8.98659,18.8531,2057448.0,2058768.0,2058768.0,2058768.0,640.0,640.0,640.0,640.0,61440.0,61440.0,61440.0,61440.0,16.353,68.377,69.524
bsl,1080p,baseline,0,2,277,83,True,14.1319,16.51804,18.64916,29.6532,7.5938,8.63998,9.94342,21.3065,2057448.0,2057448.0,2057448.0,2057448.0,640.0,640.0,640.0,640.0,61440.0,61440.0,61440.0,61440.0,15.2022,68.933,70.762
bsl,1080p,baseline,1,0,293,95,True,13.3142,16.18166,18.87356,27.1624,6.7607,8.22,9.60285,16.0389,5237784.0,5237784.0,5237784.0,5237784.0,320.0,320.0,320.0,320.0,1474560.0,1474560.0,1474560.0,1474560.0,15.4359,73.009,75.108
bsl,1080p,baseline,1,1,299,89,True,13.1558,14.59681,15.75724,22.4495,6.7221,7.31896,7.77435,15.5214,5237784.0,5237784.0,5237784.0,5237784.0,320.0,320.0,320.0,320.0,1474560.0,1474560.0,1474560.0,1474560.0,14.5237,74.822,76.012
bsl,1080p,baseline,1,2,301,98,True,12.8795,15.43,17.9264,26.1909,6.6772,7.9393,9.174,18.7217,5237784.0,5237784.0,5237784.0,5237784.0,320.0,320.0,320.0,320.0,1474560.0,1474560.0,1474560.0,1474560.0,14.1156,75.056,77.643
bsl,1080p,baseline,2,0,291,96,True,13.0763,19.2769,20.97144,26.5747,6.6739,7.50605,8.84063,9.5336,5237800.0,5237800.0,5237800.0,5237800.0,320.0,320.0,320.0,320.0,1474560.0,1474560.0,1474560.0,1474560.0,26.5747,72.466,76.474
bsl,1080p,baseline,2,1,307,98,True,13.0318,14.22324,14.79293,15.3153,6.7231,7.26689,7.46239,8.7788,5237800.0,5237800.0,5237800.0,5237800.0,320.0,320.0,320.0,320.0,1474560.0,1474560.0,1474560.0,1474560.0,14.4439,76.705,76.735
bsl,1080p,baseline,2,2,304,98,True,13.13045,14.49055,15.67655,24.5727,6.77125,7.47862,9.02204,18.2871,5237800.0,5237800.0,5237800.0,5237800.0,320.0,320.0,320.0,320.0,1474560.0,1474560.0,1474560.0,1474560.0,15.5133,75.832,76.159
bsl,1080p,baseline,3,0,384,92,True,10.67885,12.1945,12.62059,13.232,6.3295,7.29881,7.44891,8.2805,4163312.0,4163312.0,4163312.0,4163312.0,256.0,256.0,256.0,256.0,1179648.0,1179648.0,1179648.0,1179648.0,12.6669,95.69,93.643
bsl,1080p,baseline,3,1,415,114,True,9.4771,11.00005,12.0888,13.4936,5.6451,6.69849,7.00009,8.6451,4163192.0,4163312.0,4163312.0,4163544.0,256.0,256.0,256.0,256.0,1179648.0,1179648.0,1179648.0,1179648.0,10.3585,103.466,105.518
bsl,1080p,baseline,3,2,410,116,True,9.65305,11.16746,11.90071,12.1902,5.53115,6.80664,7.20292,8.1302,4163192.0,4163192.0,4163192.0,4163192.0,256.0,256.0,256.0,256.0,1179648.0,1179648.0,1179648.0,1179648.0,11.1703,102.452,103.594
bsl,1080p,baseline,4,0,558,146,True,7.17735,7.95911,8.31131,9.965,0.3876,0.51444,0.62675,1.088,106500.0,106512.0,106512.0,106512.0,32.0,32.0,32.0,32.0,3072.0,3072.0,3072.0,3072.0,9.3971,139.27,139.327
bsl,1080p,baseline,4,1,543,147,True,7.1745,9.18803,11.14264,23.2564,0.4288,0.5277,0.60617,0.6979,106488.0,106488.0,106488.0,106488.0,32.0,32.0,32.0,32.0,3072.0,3072.0,3072.0,3072.0,8.0639,135.858,139.383
bsl,1080p,baseline,4,2,556,146,True,7.1756,7.9554,8.41325,10.7295,0.3856,0.4749,0.55095,1.1439,106488.0,106488.0,106488.0,106488.0,32.0,32.0,32.0,32.0,3072.0,3072.0,3072.0,3072.0,8.0509,138.825,139.361
bsl,1080p,baseline,5,0,564,148,True,7.08885,7.84171,8.82201,11.6421,0.35355,0.44569,0.53144,1.3087,268440.0,268440.0,268440.0,268440.0,16.0,16.0,16.0,16.0,73728.0,73728.0,73728.0,73728.0,7.8541,140.883,141.067
bsl,1080p,baseline,5,1,549,146,True,7.3325,8.22824,8.68702,18.8332,0.4914,0.60226,0.64635,0.7355,268440.0,268440.0,268440.0,268440.0,16.0,16.0,16.0,16.0,73728.0,73728.0,73728.0,73728.0,7.9206,137.082,136.379
bsl,1080p,baseline,5,2,559,148,True,7.1397,7.91277,8.6822,20.5605,0.402,0.51449,0.55313,0.6928,268440.0,268440.0,268440.0,268440.0,16.0,16.0,16.0,16.0,73728.0,73728.0,73728.0,73728.0,8.0017,139.86,140.062
bsl,1080p,cached,0,0,290,91,True,13.6052,15.41123,17.95001,22.39,6.73855,7.21171,8.07903,11.9543,2879544.0,2891544.0,2891784.0,2891832.0,640.0,640.0,640.0,640.0,0.0,0.0,0.0,0.0,14.8399,72.449,73.501
bsl,1080p,cached,0,1,295,92,True,13.3997,14.71809,16.04723,21.9333,6.69,7.15608,8.00135,14.924,2877424.0,2878744.0,2878744.0,2878744.0,640.0,640.0,640.0,640.0,0.0,0.0,0.0,0.0,14.6705,73.692,74.629
bsl,1080p,cached,0,2,300,90,True,13.1855,14.57431,15.65256,23.1149,6.64825,7.26332,7.78754,14.0388,2877424.0,2877424.0,2877424.0,2877424.0,640.0,640.0,640.0,640.0,0.0,0.0,0.0,0.0,13.9566,74.851,75.841
bsl,1080p,cached,1,0,396,114,True,10.0711,11.42345,12.24299,14.2645,3.22215,3.48463,3.57411,3.6884,1249656.0,1249656.0,1249656.0,1249656.0,320.0,320.0,320.0,320.0,0.0,0.0,0.0,0.0,12.4671,98.883,99.294
bsl,1080p,cached,1,1,398,113,True,9.959,11.27369,13.75553,25.8,3.27355,3.54408,3.71475,3.9519,1249648.0,1249656.0,1249656.0,1249656.0,320.0,320.0,320.0,320.0,0.0,0.0,0.0,0.0,12.1062,99.068,100.412
bsl,1080p,cached,1,2,396,114,True,10.02445,11.22242,11.83747,18.2068,3.2117,3.46758,3.58878,3.8791,1249640.0,1249640.0,1249640.0,1249640.0,320.0,320.0,320.0,320.0,0.0,0.0,0.0,0.0,11.6807,98.983,99.756
bsl,1080p,cached,2,0,376,113,True,9.93835,16.23927,19.16065,32.0771,3.2438,3.53855,3.7387,5.3849,1242424.0,1242424.0,1242424.0,1242424.0,320.0,320.0,320.0,320.0,0.0,0.0,0.0,0.0,12.1161,93.6,100.62
bsl,1080p,cached,2,1,396,114,True,10.0398,11.35025,12.36147,13.47,3.272,3.73885,4.17323,4.8596,1242424.0,1242424.0,1242424.0,1242424.0,320.0,320.0,320.0,320.0,0.0,0.0,0.0,0.0,11.3549,98.968,99.604
bsl,1080p,cached,2,2,397,113,True,10.0297,11.30352,11.63798,19.1762,3.207,3.45806,4.13284,5.3474,1242360.0,1242360.0,1242360.0,1243256.0,320.0,320.0,320.0,320.0,0.0,0.0,0.0,0.0,11.592,99.01,99.704
bsl,1080p,cached,3,0,437,117,True,9.1507,10.59494,10.92634,12.7212,3.444,3.9267,4.05322,4.9601,972248.0,972248.0,972248.0,972248.0,256.0,256.0,256.0,256.0,0.0,0.0,0.0,0.0,10.3115,109.124,109.281
bsl,1080p,cached,3,1,436,121,True,9.13525,10.29007,11.00942,14.4301,2.381,2.86618,3.18376,3.8979,972248.0,972248.0,972248.0,972248.0,256.0,256.0,256.0,256.0,0.0,0.0,0.0,0.0,10.2527,108.94,109.466
bsl,1080p,cached,3,2,435,121,True,9.164,10.23137,10.72398,12.6131,2.3771,2.73976,3.25051,3.4021,972208.0,972248.0,972248.0,972248.0,256.0,256.0,256.0,256.0,0.0,0.0,0.0,0.0,10.12,108.917,109.123
bsl,1080p,cached,4,0,555,145,True,7.1789,8.32047,9.59649,12.6735,0.3525,0.44025,0.50386,0.8267,148240.0,148240.0,148240.0,148240.0,32.0,32.0,32.0,32.0,0.0,0.0,0.0,0.0,12.6735,138.524,139.297
bsl,1080p,cached,4,1,545,145,True,7.2401,9.54312,11.22176,23.8482,0.3657,0.44124,0.61631,1.2334,148240.0,148240.0,148240.0,148240.0,32.0,32.0,32.0,32.0,0.0,0.0,0.0,0.0,11.154,136.033,138.12
bsl,1080p,cached,4,2,555,146,True,7.2162,8.18939,8.60564,12.1679,0.3604,0.471,0.85576,1.2386,148240.0,148240.0,148240.0,148240.0,32.0,32.0,32.0,32.0,0.0,0.0,0.0,0.0,8.6783,138.651,138.577
bsl,1080p,cached,5,0,564,148,True,7.08455,7.9887,9.2592,16.3859,0.1968,0.2397,0.28867,0.8634,66952.0,66952.0,66952.0,66952.0,16.0,16.0,16.0,16.0,0.0,0.0,0.0,0.0,7.893,140.855,141.152
bsl,1080p,cached,5,1,563,148,True,7.0908,8.09138,8.67505,10.4827,0.209,0.29631,0.37837,0.9827,66952.0,66952.0,66952.0,66952.0,16.0,16.0,16.0,16.0,0.0,0.0,0.0,0.0,8.9875,140.766,141.028
bsl,1080p,cached,5,2,557,147,True,7.1815,8.382,9.10613,14.2253,0.2526,0.38002,0.45387,1.3246,66952.0,66952.0,66952.0,66952.0,16.0,16.0,16.0,16.0,0.0,0.0,0.0,0.0,8.355,138.93,139.247
bsl,1080p,compatibility,0,0,555,147,True,7.1302,8.60515,10.79707,12.7406,0.5283,0.66694,0.7676,6.0454,1373760.0,1375880.0,1375880.0,1375880.0,1.0,1.0,1.0,1.0,61440.0,61440.0,61440.0,61440.0,9.1469,138.486,140.249
bsl,1080p,compatibility,0,1,553,149,True,7.1715,8.37614,9.58106,13.2968,0.5367,0.62724,0.71488,2.693,1373760.0,1373760.0,1373760.0,1373760.0,1.0,1.0,1.0,1.0,61440.0,61440.0,61440.0,61440.0,9.1098,138.231,139.441
bsl,1080p,compatibility,0,2,552,149,True,7.2081,8.24402,9.68566,15.9418,0.5137,0.60072,0.68509,0.753,1373760.0,1373760.0,1373760.0,1374656.0,1.0,1.0,1.0,1.0,61440.0,61440.0,61440.0,61440.0,9.3929,138.003,138.733
bsl,1080p,compatibility,1,0,445,147,True,8.8622,10.21232,11.87115,31.4249,3.0186,3.33198,3.56047,13.9891,2569592.0,2569592.0,2569592.0,2569592.0,1.0,1.0,1.0,1.0,1474560.0,1474560.0,1474560.0,1474560.0,9.82,111.043,112.839
bsl,1080p,compatibility,1,1,450,147,True,8.6963,11.11219,12.39684,22.1704,2.9424,3.772,4.37966,5.296,2569592.0,2569592.0,2569592.0,2569592.0,1.0,1.0,1.0,1.0,1474560.0,1474560.0,1474560.0,1474560.0,9.7244,112.348,114.991
bsl,1080p,compatibility,1,2,463,140,True,8.5553,9.79015,10.92577,20.292,2.9066,3.26192,3.60099,14.5024,2569592.0,2570392.0,2570392.0,2570392.0,1.0,1.0,1.0,1.0,1474560.0,1474560.0,1474560.0,1474560.0,9.9341,115.447,116.887
bsl,1080p,compatibility,2,0,353,123,True,10.5895,16.54758,19.94525,35.787,4.6271,5.45584,6.44159,12.0406,2968912.0,2968944.0,2968944.0,2969176.0,160.0,160.0,160.0,160.0,1474560.0,1474560.0,1474560.0,1474560.0,12.2385,87.975,94.433
bsl,1080p,compatibility,2,1,375,122,True,10.4887,13.11516,14.58361,24.9648,4.6719,5.79196,6.64158,7.1677,2968912.0,2968912.0,2968912.0,2968912.0,160.0,160.0,160.0,160.0,1474560.0,1474560.0,1474560.0,1474560.0,11.8394,93.411,95.341
bsl,1080p,compatibility,2,2,388,126,True,10.28325,11.48646,12.40953,15.153,4.64575,5.02433,5.57311,7.1819,2968888.0,2968888.0,2968888.0,2968888.0,160.0,160.0,160.0,160.0,1474560.0,1474560.0,1474560.0,1474560.0,11.4865,96.593,97.246
bsl,1080p,compatibility,3,0,545,140,True,7.3,8.37888,9.1499,11.5918,3.0217,3.5385,3.67279,5.2228,2029352.0,2029352.0,2029352.0,2029352.0,1.0,1.0,1.0,1.0,1179648.0,1179648.0,1179648.0,1179648.0,9.3387,136.156,136.986
bsl,1080p,compatibility,3,1,567,148,True,7.0596,7.92229,8.54091,18.508,2.3742,3.06212,3.41572,3.9441,2029352.0,2029352.0,2029352.0,2029352.0,1.0,1.0,1.0,1.0,1179648.0,1179648.0,1179648.0,1179648.0,7.7981,141.388,141.651
bsl,1080p,compatibility,3,2,566,148,True,7.06835,7.90765,8.4231,10.2699,2.3943,2.86845,3.0428,3.1273,2029352.0,2029352.0,2029352.0,2029352.0,1.0,1.0,1.0,1.0,1179648.0,1179648.0,1179648.0,1179648.0,8.6801,141.41,141.476
bsl,1080p,compatibility,4,0,575,149,True,6.9744,7.72934,7.91571,9.0052,0.0866,0.12182,0.16136,0.3053,75368.0,75368.0,75368.0,75368.0,1.0,1.0,1.0,1.0,3072.0,3072.0,3072.0,3072.0,7.9919,143.364,143.382
bsl,1080p,compatibility,4,1,564,150,True,6.97885,8.0712,11.99994,22.0613,0.0952,0.12956,0.16049,0.2075,75368.0,75368.0,75368.0,75368.0,1.0,1.0,1.0,1.0,3072.0,3072.0,3072.0,3072.0,7.5715,140.732,143.29
bsl,1080p,compatibility,4,2,574,150,True,6.9658,7.71918,8.0496,13.6732,0.09425,0.12324,0.17248,0.309,75368.0,75368.0,75368.0,75368.0,1.0,1.0,1.0,1.0,3072.0,3072.0,3072.0,3072.0,7.9673,143.44,143.559
bsl,1080p,compatibility,5,0,572,150,True,6.9784,7.80549,8.4785,27.8533,0.19515,0.25143,0.33256,0.4103,135264.0,135264.0,135264.0,135264.0,1.0,1.0,1.0,1.0,73728.0,73728.0,73728.0,73728.0,7.9329,142.854,143.299
bsl,1080p,compatibility,5,1,567,149,True,7.0546,7.93958,8.42748,9.0746,0.2822,0.36001,0.43373,0.5527,135264.0,135264.0,135264.0,135264.0,1.0,1.0,1.0,1.0,73728.0,73728.0,73728.0,73728.0,8.1895,141.458,141.751
bsl,1080p,compatibility,5,2,572,150,True,7.00165,7.767,8.64275,14.0797,0.22135,0.28254,0.33122,0.5309,135264.0,135264.0,135264.0,135264.0,1.0,1.0,1.0,1.0,73728.0,73728.0,73728.0,73728.0,7.7323,143.113,142.823
bsl,4k,baseline,0,0,123,35,True,32.4661,35.13472,61.75027,66.281,6.587,7.33777,7.56418,31.5789,2949088.0,2955256.0,2955256.0,2955256.0,640.0,640.0,640.0,640.0,61440.0,61440.0,61440.0,61440.0,33.7603,30.749,30.801
bsl,4k,baseline,0,1,123,35,True,32.5222,35.01351,36.19767,39.6912,6.6229,8.1032,8.67628,8.7757,2924848.0,2925088.0,2925088.0,2925088.0,640.0,640.0,640.0,640.0,61440.0,61440.0,61440.0,61440.0,33.8397,30.75,30.748
bsl,4k,baseline,0,2,123,35,True,32.7734,34.6531,36.88948,44.1614,6.6687,8.7394,9.31829,19.8536,2924848.0,2924848.0,2924848.0,2924920.0,640.0,640.0,640.0,640.0,61440.0,61440.0,61440.0,61440.0,32.2002,30.678,30.513
bsl,4k,baseline,1,0,139,38,True,28.8876,31.05803,34.24253,39.4506,6.0089,6.82848,9.44633,11.1756,5644824.0,5644824.0,5644824.0,5645304.0,320.0,320.0,320.0,320.0,1474560.0,1474560.0,1474560.0,1474560.0,30.093,34.554,34.617
bsl,4k,baseline,1,1,139,39,True,28.8121,31.16781,33.52178,35.4906,6.2,7.20932,8.78374,13.4242,5644824.0,5644824.0,5644824.0,5644824.0,320.0,320.0,320.0,320.0,1474560.0,1474560.0,1474560.0,1474560.0,30.724,34.648,34.708
bsl,4k,baseline,1,2,137,39,True,29.0114,35.67878,36.32991,39.1486,6.1746,6.89632,7.19625,7.9765,5644824.0,5644824.0,5644824.0,5644824.0,320.0,320.0,320.0,320.0,1474560.0,1474560.0,1474560.0,1474560.0,28.9657,34.225,34.469
bsl,4k,baseline,2,0,139,38,True,29.0018,31.29285,34.69427,43.2429,6.2256,8.66555,9.28971,19.6792,5633304.0,5633304.0,5633304.0,5633304.0,320.0,320.0,320.0,320.0,1474560.0,1474560.0,1474560.0,1474560.0,30.894,34.56,34.481
bsl,4k,baseline,2,1,139,39,True,28.9273,30.61392,31.72526,38.3802,5.9026,6.30997,6.97849,7.7472,5633304.0,5633304.0,5633304.0,5633304.0,320.0,320.0,320.0,320.0,1474560.0,1474560.0,1474560.0,1474560.0,29.328,34.609,34.569
bsl,4k,baseline,2,2,139,39,True,28.8885,30.75887,34.84938,59.3938,5.996,8.3423,9.05753,9.3757,5633304.0,5633304.0,5633304.0,5633304.0,320.0,320.0,320.0,320.0,1474560.0,1474560.0,1474560.0,1474560.0,29.7082,34.604,34.616
bsl,4k,baseline,3,0,151,41,True,26.4399,28.19095,29.2475,29.8578,4.7888,5.17855,5.46275,5.5139,4488960.0,4488960.0,4488960.0,4488960.0,256.0,256.0,256.0,256.0,1179648.0,1179648.0,1179648.0,1179648.0,29.6146,37.769,37.822
bsl,4k,baseline,3,1,151,41,True,26.4607,27.93855,28.4858,28.6302,4.8218,5.13665,5.38175,5.4552,4488960.0,4488960.0,4488960.0,4488960.0,256.0,256.0,256.0,256.0,1179648.0,1179648.0,1179648.0,1179648.0,27.1893,37.776,37.792
bsl,4k,baseline,3,2,151,41,True,26.5819,28.0239,28.48955,29.5724,4.708,6.67335,7.18915,7.7739,4488960.0,4488960.0,4488960.0,4488960.0,256.0,256.0,256.0,256.0,1179648.0,1179648.0,1179648.0,1179648.0,27.6194,37.666,37.62
bsl,4k,baseline,4,0,169,44,True,23.7969,25.17622,25.64038,26.1848,0.3989,0.47404,0.54852,0.5737,149896.0,149896.0,149896.0,149896.0,32.0,32.0,32.0,32.0,3072.0,3072.0,3072.0,3072.0,25.1442,42.082,42.022
bsl,4k,baseline,4,1,165,44,True,24.1612,26.77348,27.56256,28.5403,0.485,0.67558,0.73078,0.7718,149896.0,149896.0,149896.0,149896.0,32.0,32.0,32.0,32.0,3072.0,3072.0,3072.0,3072.0,24.4637,41.037,41.389
bsl,4k,baseline,4,2,170,44,True,23.7962,25.09049,25.5822,25.6833,0.3833,0.49995,0.58353,0.6734,149896.0,149896.0,149896.0,149896.0,32.0,32.0,32.0,32.0,3072.0,3072.0,3072.0,3072.0,25.4226,42.152,42.024
bsl,4k,baseline,5,0,171,44,True,23.4571,24.6991,25.01027,25.2517,0.3754,0.4732,0.52135,0.6151,288936.0,288936.0,288936.0,288936.0,16.0,16.0,16.0,16.0,73728.0,73728.0,73728.0,73728.0,24.7024,42.511,42.631
bsl,4k,baseline,5,1,171,44,True,23.5518,24.8786,26.78804,72.0952,0.369,0.4525,0.49995,0.5533,288936.0,288936.0,288936.0,288936.0,16.0,16.0,16.0,16.0,73728.0,73728.0,73728.0,73728.0,24.0243,42.38,42.46
bsl,4k,baseline,5,2,171,44,True,23.5137,24.97415,25.58201,25.7443,0.3734,0.47265,0.54756,0.5816,288936.0,288936.0,288936.0,288936.0,16.0,16.0,16.0,16.0,73728.0,73728.0,73728.0,73728.0,25.1965,42.524,42.528
bsl,4k,cached,0,0,125,35,True,32.0265,34.51846,43.83761,59.7438,6.1776,6.99786,7.82658,17.8076,2817040.0,2817768.0,2817768.0,2817768.0,640.0,640.0,640.0,640.0,0.0,0.0,0.0,0.0,32.8173,31.201,31.224
bsl,4k,cached,0,1,125,35,True,32.0048,34.35938,42.16832,49.7571,6.1376,7.52614,7.70963,7.9111,2787360.0,2799584.0,2799600.0,2799600.0,640.0,640.0,640.0,640.0,0.0,0.0,0.0,0.0,33.5747,31.097,31.245
bsl,4k,cached,0,2,125,35,True,32.2383,34.06018,34.86427,46.676,6.4693,7.50848,7.76154,8.0299,2787360.0,2787360.0,2787360.0,2787360.0,640.0,640.0,640.0,640.0,0.0,0.0,0.0,0.0,32.459,31.095,31.019
bsl,4k,cached,1,0,142,39,True,28.47005,30.86692,35.314,51.1851,2.9732,3.29231,3.48705,25.3662,1234528.0,1234528.0,1234528.0,1234528.0,320.0,320.0,320.0,320.0,0.0,0.0,0.0,0.0,29.8093,35.228,35.125
bsl,4k,cached,1,1,141,40,True,28.5017,30.2908,30.93156,37.7729,3.0812,3.4778,3.6239,3.7424,1234528.0,1234528.0,1234528.0,1234528.0,320.0,320.0,320.0,320.0,0.0,0.0,0.0,0.0,29.1104,35.257,35.086
bsl,4k,cached,1,2,139,40,True,28.5858,34.27245,35.49339,51.79,2.9664,3.46959,3.64974,4.0732,1234528.0,1234528.0,1234528.0,1234528.0,320.0,320.0,320.0,320.0,0.0,0.0,0.0,0.0,28.525,34.766,34.982
bsl,4k,cached,2,0,142,39,True,28.49475,29.78188,31.06127,31.1727,2.91715,3.29964,3.48946,3.6157,1227288.0,1227288.0,1227288.0,1227288.0,320.0,320.0,320.0,320.0,0.0,0.0,0.0,0.0,28.8423,35.233,35.094
bsl,4k,cached,2,1,141,39,True,28.4462,30.074,30.66424,31.0245,4.3441,5.1424,5.24702,5.4358,1227288.0,1227288.0,1227288.0,1227288.0,320.0,320.0,320.0,320.0,0.0,0.0,0.0,0.0,29.3097,35.251,35.154
bsl,4k,cached,2,2,142,39,True,28.3509,30.49545,31.12004,31.8406,3.26255,3.81595,3.91463,3.9968,1227288.0,1227288.0,1227288.0,1227288.0,320.0,320.0,320.0,320.0,0.0,0.0,0.0,0.0,29.5161,35.19,35.272
bsl,4k,cached,3,0,154,41,True,26.1264,27.78513,30.01781,45.6723,2.3406,2.63482,3.38343,4.6313,960296.0,960296.0,960296.0,960296.0,256.0,256.0,256.0,256.0,0.0,0.0,0.0,0.0,27.6487,38.337,38.275
bsl,4k,cached,3,1,154,41,True,26.11865,28.35552,31.61769,37.3793,2.5605,3.22037,3.30409,3.3799,960296.0,960296.0,960296.0,960296.0,256.0,256.0,256.0,256.0,0.0,0.0,0.0,0.0,27.8296,38.336,38.287
bsl,4k,cached,3,2,153,41,True,26.2756,27.57734,28.1932,28.6463,2.4839,2.97322,3.10356,3.123,960280.0,960296.0,960296.0,960296.0,256.0,256.0,256.0,256.0,0.0,0.0,0.0,0.0,26.4749,38.198,38.058
bsl,4k,cached,4,0,168,45,True,23.7714,25.02589,26.6239,31.7974,0.3889,0.55687,0.67563,0.8924,143960.0,143960.0,143960.0,143960.0,32.0,32.0,32.0,32.0,0.0,0.0,0.0,0.0,24.9221,42.087,42.067
bsl,4k,cached,4,1,170,44,True,23.75355,24.99019,25.65241,25.8245,0.4043,0.52932,0.61724,0.6356,143960.0,143960.0,143960.0,143960.0,32.0,32.0,32.0,32.0,0.0,0.0,0.0,0.0,24.4447,42.162,42.099
bsl,4k,cached,4,2,170,45,True,23.5865,25.21935,25.69682,26.0821,0.38885,0.4865,0.53253,0.5812,143960.0,143960.0,143960.0,143960.0,32.0,32.0,32.0,32.0,0.0,0.0,0.0,0.0,25.2326,42.364,42.397
bsl,4k,cached,5,0,171,45,True,23.4349,24.98575,25.57566,33.8574,0.2218,0.3114,0.37135,0.5111,66512.0,66512.0,66512.0,66512.0,16.0,16.0,16.0,16.0,0.0,0.0,0.0,0.0,24.9885,42.647,42.671
bsl,4k,cached,5,1,171,45,True,23.5088,25.446,26.12836,33.0894,0.2566,0.32755,0.39794,0.4263,66512.0,66512.0,66512.0,66512.0,16.0,16.0,16.0,16.0,0.0,0.0,0.0,0.0,25.8211,42.588,42.537
bsl,4k,cached,5,2,171,45,True,23.6095,25.69705,26.70921,44.7706,0.2218,0.2916,0.37372,0.4222,66512.0,66512.0,66512.0,66512.0,16.0,16.0,16.0,16.0,0.0,0.0,0.0,0.0,24.2507,42.721,42.356
bsl,4k,compatibility,0,0,161,45,True,24.7323,26.9945,28.70496,33.2118,0.5657,0.726,0.85092,8.9855,1399904.0,1405656.0,1405656.0,1405656.0,1.0,1.0,1.0,1.0,61440.0,61440.0,61440.0,61440.0,26.1379,40.29,40.433
bsl,4k,compatibility,0,1,161,44,True,24.9942,26.7924,27.41754,34.3361,0.5834,0.7239,0.83016,0.8479,1375904.0,1375904.0,1375904.0,1375904.0,1.0,1.0,1.0,1.0,61440.0,61440.0,61440.0,61440.0,25.5191,40.14,40.009
bsl,4k,compatibility,0,2,162,44,True,24.7168,26.96804,27.60536,33.2474,0.5715,0.76762,0.86056,9.5791,1374264.0,1375104.0,1375104.0,1375104.0,1.0,1.0,1.0,1.0,61440.0,61440.0,61440.0,61440.0,26.4474,40.192,40.458
bsl,4k,compatibility,1,0,159,45,True,25.1344,26.80721,30.08069,33.7238,2.6329,2.95183,3.01228,3.1106,2569696.0,2569696.0,2569696.0,2569696.0,1.0,1.0,1.0,1.0,1474560.0,1474560.0,1474560.0,1474560.0,25.9401,39.889,39.786
bsl,4k,compatibility,1,1,161,44,True,25.1044,27.0235,28.04424,28.7443,2.7417,3.0819,3.26702,3.4207,2569696.0,2569696.0,2569696.0,2569696.0,1.0,1.0,1.0,1.0,1474560.0,1474560.0,1474560.0,1474560.0,26.3737,39.982,39.834
bsl,4k,compatibility,1,2,156,45,True,25.04225,33.14385,76.12817,77.2148,2.67485,3.0433,7.43071,13.9851,2569696.0,2569696.0,2569696.0,2569696.0,1.0,1.0,1.0,1.0,1474560.0,1474560.0,1474560.0,1474560.0,26.3132,39.177,39.933
bsl,4k,compatibility,2,0,150,41,True,26.9937,28.71909,31.53638,39.1894,4.19485,4.57779,4.86241,17.3116,2976688.0,2976688.0,2976688.0,2976688.0,160.0,160.0,160.0,160.0,1474560.0,1474560.0,1474560.0,1474560.0,27.6651,37.187,37.046
bsl,4k,compatibility,2,1,148,42,True,26.8147,29.13685,29.65069,30.0523,5.7894,7.34597,7.52483,7.5492,2976688.0,2976688.0,2976688.0,2976688.0,160.0,160.0,160.0,160.0,1474560.0,1474560.0,1474560.0,1474560.0,28.2112,37.032,37.293
bsl,4k,compatibility,2,2,149,42,True,27.0164,28.72016,29.53813,34.8486,4.6008,5.50294,5.85262,14.0132,2976688.0,2976688.0,2976688.0,2976688.0,160.0,160.0,160.0,160.0,1474560.0,1474560.0,1474560.0,1474560.0,27.4635,37.15,37.015
bsl,4k,compatibility,3,0,172,45,True,23.4761,24.91455,25.71239,25.9755,2.09085,2.29939,2.4423,2.4577,2029464.0,2029464.0,2029464.0,2029464.0,1.0,1.0,1.0,1.0,1179648.0,1179648.0,1179648.0,1179648.0,24.6337,42.715,42.597
bsl,4k,compatibility,3,1,172,45,True,23.3796,25.19721,25.75099,35.795,2.16035,2.53152,2.58599,2.6371,2029448.0,2029464.0,2029464.0,2029464.0,1.0,1.0,1.0,1.0,1179648.0,1179648.0,1179648.0,1179648.0,23.9453,42.738,42.772
bsl,4k,compatibility,3,2,171,45,True,23.4794,25.0062,26.1107,27.1205,2.2278,2.6157,2.73169,2.8501,2029448.0,2029448.0,2029448.0,2030440.0,1.0,1.0,1.0,1.0,1179648.0,1179648.0,1179648.0,1179648.0,24.6966,42.576,42.591
bsl,4k,compatibility,4,0,172,45,True,23.40405,24.65818,25.05716,25.4028,0.1063,0.14178,0.22246,0.3246,75464.0,75464.0,75464.0,75464.0,1.0,1.0,1.0,1.0,3072.0,3072.0,3072.0,3072.0,24.3184,42.784,42.728
bsl,4k,compatibility,4,1,172,45,True,23.42105,24.68214,25.64885,32.3831,0.1297,0.16498,0.23713,0.3327,75464.0,75464.0,75464.0,75464.0,1.0,1.0,1.0,1.0,3072.0,3072.0,3072.0,3072.0,25.3233,42.785,42.697
bsl,4k,compatibility,4,2,172,45,True,23.3596,25.20195,26.04521,26.9107,0.12165,0.16382,0.19371,0.2328,75464.0,75464.0,75464.0,75464.0,1.0,1.0,1.0,1.0,3072.0,3072.0,3072.0,3072.0,24.9289,42.885,42.809
bsl,4k,compatibility,5,0,171,46,True,23.4353,24.8971,25.75733,27.9371,0.212,0.29845,0.39761,0.4228,135360.0,135360.0,135360.0,135360.0,1.0,1.0,1.0,1.0,73728.0,73728.0,73728.0,73728.0,24.8096,42.83,42.671
bsl,4k,compatibility,5,1,171,46,True,23.373,24.9168,25.45434,25.5686,0.2385,0.3065,0.4095,0.4157,135360.0,135360.0,135360.0,135360.0,1.0,1.0,1.0,1.0,73728.0,73728.0,73728.0,73728.0,24.7735,42.852,42.784
bsl,4k,compatibility,5,2,171,46,True,23.3104,24.84505,25.16388,25.3638,0.2123,0.2973,0.48053,2.1343,135360.0,135360.0,135360.0,135360.0,1.0,1.0,1.0,1.0,73728.0,73728.0,73728.0,73728.0,24.9141,42.906,42.899
iteration,1080p,baseline,0,0,260,73,True,15.2539,17.49004,18.80141,27.2911,5.92925,7.7924,8.3412,19.1567,2977832.0,2995512.0,2995512.0,2995816.0,640.0,640.0,640.0,640.0,61440.0,61440.0,61440.0,61440.0,27.2911,64.831,65.557
iteration,1080p,baseline,0,1,262,73,True,15.26365,16.86294,19.5144,26.9518,5.856,6.39227,7.95456,16.5314,2964348.0,2965032.0,2965032.0,2965032.0,640.0,640.0,640.0,640.0,61440.0,61440.0,61440.0,61440.0,16.4952,65.17,65.515
iteration,1080p,baseline,0,2,262,73,True,15.29795,16.83878,18.34669,19.2202,5.7798,6.28234,6.63431,6.8562,2963664.0,2963664.0,2963664.0,2963664.0,640.0,640.0,640.0,640.0,61440.0,61440.0,61440.0,61440.0,18.1384,65.149,65.368
iteration,1080p,baseline,1,0,289,85,True,13.6759,16.14502,17.46443,25.8194,6.2092,7.77468,8.90967,18.1966,5665312.0,5665312.0,5665312.0,5665312.0,320.0,320.0,320.0,320.0,1474560.0,1474560.0,1474560.0,1474560.0,15.4063,71.966,73.121
iteration,1080p,baseline,1,1,295,84,True,13.3859,15.44256,15.99795,27.3238,6.0154,7.16055,7.42581,20.2823,5665312.0,5665312.0,5665312.0,5665312.0,320.0,320.0,320.0,320.0,1474560.0,1474560.0,1474560.0,1474560.0,14.4666,73.678,74.705
iteration,1080p,baseline,1,2,298,82,True,13.34495,14.94219,16.0164,28.6094,6.1041,7.09708,7.33219,21.0863,5665312.0,5665312.0,5665312.0,5665312.0,320.0,320.0,320.0,320.0,1474560.0,1474560.0,1474560.0,1474560.0,15.0498,74.286,74.935
iteration,1080p,baseline,2,0,296,86,True,13.278,15.81212,16.95674,26.4677,5.7948,7.899,8.506,18.0006,5653776.0,5653776.0,5653776.0,5654672.0,320.0,320.0,320.0,320.0,1474560.0,1474560.0,1474560.0,1474560.0,14.6883,73.913,75.313
iteration,1080p,baseline,2,1,300,84,True,13.29825,14.78982,15.3342,18.4956,5.5844,6.37742,6.80063,9.041,5653776.0,5653776.0,5653776.0,5653776.0,320.0,320.0,320.0,320.0,1474560.0,1474560.0,1474560.0,1474560.0,15.3346,74.907,75.198
iteration,1080p,baseline,2,2,297,83,True,13.4191,15.22094,17.03372,24.6284,5.872,7.53,8.22728,17.6878,5653776.0,5653776.0,5653776.0,5653776.0,320.0,320.0,320.0,320.0,1474560.0,1474560.0,1474560.0,1474560.0,14.343,73.918,74.521
iteration,1080p,baseline,3,0,310,87,True,12.96875,14.20159,14.69561,24.754,6.8926,7.88122,8.13119,17.1255,4505320.0,4505344.0,4505344.0,4505344.0,256.0,256.0,256.0,256.0,1179648.0,1179648.0,1179648.0,1179648.0,13.7904,77.266,77.108
iteration,1080p,baseline,3,1,314,87,True,12.7977,13.98357,14.7973,16.8894,4.6596,5.60744,5.82847,8.1891,4505320.0,4505320.0,4505320.0,4505320.0,256.0,256.0,256.0,256.0,1179648.0,1179648.0,1179648.0,1179648.0,13.6896,78.219,78.139
iteration,1080p,baseline,3,2,314,87,True,12.7403,14.26669,16.17015,26.3983,4.6695,5.99141,6.6334,18.5617,4505232.0,4505320.0,4505320.0,4505552.0,256.0,256.0,256.0,256.0,1179648.0,1179648.0,1179648.0,1179648.0,14.3403,78.291,78.491
iteration,1080p,baseline,4,0,367,102,True,10.9629,11.84859,12.45962,14.8227,0.3137,0.384,0.44036,0.4962,151816.0,151816.0,151816.0,151816.0,32.0,32.0,32.0,32.0,3072.0,3072.0,3072.0,3072.0,11.8719,91.707,91.217
iteration,1080p,baseline,4,1,355,101,True,10.9255,15.78151,28.50117,35.006,0.3649,0.46359,0.51738,1.1807,151816.0,151816.0,151816.0,151816.0,32.0,32.0,32.0,32.0,3072.0,3072.0,3072.0,3072.0,11.9608,88.591,91.529
iteration,1080p,baseline,4,2,367,102,True,10.9387,11.91626,12.34272,12.9702,0.3355,0.4165,0.464,1.0842,151816.0,151816.0,151816.0,151816.0,32.0,32.0,32.0,32.0,3072.0,3072.0,3072.0,3072.0,12.2489,91.741,91.419
iteration,1080p,baseline,5,0,371,103,True,10.8116,11.81525,12.49838,13.2125,0.3149,0.3754,1.00648,1.1285,289832.0,289832.0,289832.0,289968.0,16.0,16.0,16.0,16.0,73728.0,73728.0,73728.0,73728.0,12.1839,92.728,92.493
iteration,1080p,baseline,5,1,368,103,True,10.91885,12.09021,12.54051,13.3473,0.45225,0.56613,0.60816,1.2092,289832.0,289832.0,289832.0,289832.0,16.0,16.0,16.0,16.0,73728.0,73728.0,73728.0,73728.0,12.0316,91.718,91.585
iteration,1080p,baseline,5,2,372,103,True,10.7886,11.64768,12.01448,18.9486,0.35175,0.43669,0.48648,0.5896,289832.0,289832.0,289832.0,289832.0,16.0,16.0,16.0,16.0,73728.0,73728.0,73728.0,73728.0,11.8882,92.991,92.69
iteration,1080p,cached,0,0,267,74,True,15.0114,17.39736,21.94498,25.5154,4.9639,6.43592,9.14329,13.8791,2792504.0,2816504.0,2816744.0,2816744.0,640.0,640.0,640.0,640.0,0.0,0.0,0.0,0.0,17.4441,66.355,66.616
iteration,1080p,cached,0,1,266,75,True,15.0768,16.74935,18.40937,35.5343,4.74715,5.34778,5.74298,26.1758,2790336.0,2791704.0,2791704.0,2791704.0,640.0,640.0,640.0,640.0,0.0,0.0,0.0,0.0,17.6095,66.379,66.327
iteration,1080p,cached,0,2,266,75,True,15.1366,16.51925,18.12454,26.1492,4.7953,6.1604,6.75528,10.0824,2790336.0,2790336.0,2790336.0,2790336.0,640.0,640.0,640.0,640.0,0.0,0.0,0.0,0.0,16.5957,66.308,66.065
iteration,1080p,cached,1,0,309,87,True,12.9727,14.57514,15.92696,17.3423,2.3323,2.76512,3.1203,4.0895,1237064.0,1237064.0,1237064.0,1237064.0,320.0,320.0,320.0,320.0,0.0,0.0,0.0,0.0,14.3391,77.105,77.085
iteration,1080p,cached,1,1,310,86,True,12.96525,14.17318,14.46408,16.9595,2.35835,2.68248,2.75934,3.3083,1237064.0,1237064.0,1237064.0,1237064.0,320.0,320.0,320.0,320.0,0.0,0.0,0.0,0.0,14.3144,77.162,77.129
iteration,1080p,cached,1,2,309,87,True,12.8599,14.3926,15.37884,24.3363,2.5876,3.25272,3.37772,3.4971,1237048.0,1237064.0,1237064.0,1237064.0,320.0,320.0,320.0,320.0,0.0,0.0,0.0,0.0,15.3794,77.185,77.761
iteration,1080p,cached,2,0,303,87,True,12.9992,16.63117,21.04012,41.0417,2.3237,2.86434,3.10346,3.9246,1234952.0,1234952.0,1234952.0,1234952.0,320.0,320.0,320.0,320.0,0.0,0.0,0.0,0.0,14.6863,75.58,76.928
iteration,1080p,cached,2,1,310,86,True,12.9415,14.20527,14.73877,16.0383,2.41665,2.76385,2.96835,3.3073,1234952.0,1234952.0,1234952.0,1234952.0,320.0,320.0,320.0,320.0,0.0,0.0,0.0,0.0,14.2572,77.244,77.271
iteration,1080p,cached,2,2,310,86,True,12.93435,14.23272,16.57633,28.3272,2.4477,3.22747,3.36755,5.0749,1234952.0,1234952.0,1234952.0,1234952.0,320.0,320.0,320.0,320.0,0.0,0.0,0.0,0.0,14.0249,77.261,77.314
iteration,1080p,cached,3,0,316,89,True,12.6466,14.07777,14.37242,15.2013,2.2776,3.1102,3.19535,3.2336,962304.0,962304.0,962304.0,962304.0,256.0,256.0,256.0,256.0,0.0,0.0,0.0,0.0,14.4927,78.945,79.073
iteration,1080p,cached,3,1,320,90,True,12.46885,13.75519,15.01572,15.9624,1.9127,2.18543,2.27547,2.4391,962304.0,962304.0,962304.0,963200.0,256.0,256.0,256.0,256.0,0.0,0.0,0.0,0.0,13.3819,80.131,80.2
iteration,1080p,cached,3,2,321,90,True,12.4808,13.5293,14.07454,19.3088,1.9469,2.2764,2.45286,2.9278,962272.0,962272.0,962272.0,962272.0,256.0,256.0,256.0,256.0,0.0,0.0,0.0,0.0,13.1991,80.204,80.123
iteration,1080p,cached,4,0,369,101,True,10.8442,11.90874,12.59733,13.0269,0.2807,0.37018,0.43334,0.5774,144072.0,144136.0,144136.0,144136.0,32.0,32.0,32.0,32.0,0.0,0.0,0.0,0.0,12.9342,92.031,92.215
iteration,1080p,cached,4,1,358,102,True,10.8703,14.58199,22.15734,34.526,0.30205,0.40266,0.62847,0.8318,144072.0,144072.0,144072.0,144072.0,32.0,32.0,32.0,32.0,0.0,0.0,0.0,0.0,12.0893,89.432,91.994
iteration,1080p,cached,4,2,369,102,True,10.7973,11.8987,12.96333,15.1072,0.2924,0.35422,0.46374,1.2159,144072.0,144072.0,144072.0,144072.0,32.0,32.0,32.0,32.0,0.0,0.0,0.0,0.0,12.3832,92.181,92.616
iteration,1080p,cached,5,0,374,103,True,10.6939,11.66483,12.14641,12.693,0.16135,0.20127,0.24734,0.3656,66496.0,66496.0,66496.0,66496.0,16.0,16.0,16.0,16.0,0.0,0.0,0.0,0.0,12.0963,93.293,93.511
iteration,1080p,cached,5,1,372,100,True,10.7267,11.98748,12.36517,17.1699,0.2378,0.31837,0.37283,0.618,66496.0,66496.0,66496.0,66496.0,16.0,16.0,16.0,16.0,0.0,0.0,0.0,0.0,12.5317,92.86,93.225
iteration,1080p,cached,5,2,374,103,True,10.63575,11.926,13.83913,40.3183,0.18285,0.23793,0.32642,0.4365,66496.0,66496.0,66496.0,66496.0,16.0,16.0,16.0,16.0,0.0,0.0,0.0,0.0,11.8623,93.267,94.023
iteration,1080p,compatibility,0,0,374,105,True,10.6179,12.38246,14.19949,22.2192,0.5572,0.80794,0.89509,1.3744,1376728.0,1376728.0,1376728.0,1376728.0,1.0,1.0,1.0,1.0,61440.0,61440.0,61440.0,61440.0,12.6157,93.629,94.181
iteration,1080p,compatibility,0,1,374,104,True,10.5925,12.03113,12.97839,29.0289,0.5657,0.72416,0.7974,7.5785,1375384.0,1375384.0,1375384.0,1375384.0,1.0,1.0,1.0,1.0,61440.0,61440.0,61440.0,61440.0,12.4496,93.352,94.406
iteration,1080p,compatibility,0,2,374,104,True,10.7177,12.13333,13.11855,19.5366,0.54815,0.7097,0.82405,1.119,1375004.0,1375384.0,1375384.0,1375384.0,1.0,1.0,1.0,1.0,61440.0,61440.0,61440.0,61440.0,12.6171,93.242,93.304
iteration,1080p,compatibility,1,0,365,101,True,10.9543,12.48458,13.37825,23.7493,2.8395,3.59076,4.14433,4.4415,2570536.0,2570536.0,2570536.0,2571432.0,1.0,1.0,1.0,1.0,1474560.0,1474560.0,1474560.0,1474560.0,23.7493,90.948,91.288
iteration,1080p,compatibility,1,1,363,102,True,10.9475,12.47877,14.07896,24.5168,2.8671,3.8486,4.32883,6.0474,2570456.0,2570536.0,2570536.0,2570536.0,1.0,1.0,1.0,1.0,1474560.0,1474560.0,1474560.0,1474560.0,12.2845,90.706,91.345
iteration,1080p,compatibility,1,2,364,101,True,10.93075,12.35907,14.3391,21.5745,2.79795,3.80015,4.23603,5.3239,2570456.0,2570456.0,2570456.0,2570456.0,1.0,1.0,1.0,1.0,1474560.0,1474560.0,1474560.0,1474560.0,12.5312,90.746,91.485
iteration,1080p,compatibility,2,0,307,93,True,12.0676,22.58442,26.49123,47.376,4.5429,5.73605,6.55809,11.6284,2981328.0,2981328.0,2981328.0,2981328.0,160.0,160.0,160.0,160.0,1474560.0,1474560.0,1474560.0,1474560.0,13.4535,76.801,82.867
iteration,1080p,compatibility,2,1,328,92,True,12.06525,13.82356,15.75337,23.8073,4.28805,5.49557,6.01936,8.9069,2981328.0,2981328.0,2981328.0,2981480.0,160.0,160.0,160.0,160.0,1474560.0,1474560.0,1474560.0,1474560.0,15.8024,81.858,82.883
iteration,1080p,compatibility,2,2,329,92,True,12.1192,13.56724,14.45271,16.6996,4.514,5.58198,6.0617,6.5512,2981328.0,2981328.0,2981328.0,2981328.0,160.0,160.0,160.0,160.0,1474560.0,1474560.0,1474560.0,1474560.0,13.1275,82.083,82.514
iteration,1080p,compatibility,3,0,367,100,True,10.83,12.16219,12.71666,30.5533,3.2554,3.80178,4.00281,16.7882,2029448.0,2029448.0,2029448.0,2029448.0,1.0,1.0,1.0,1.0,1179648.0,1179648.0,1179648.0,1179648.0,12.2881,91.658,92.336
iteration,1080p,compatibility,3,1,369,102,True,10.844,12.0277,13.7746,16.6629,2.3444,2.88242,3.88288,7.0658,2029448.0,2029448.0,2029448.0,2029448.0,1.0,1.0,1.0,1.0,1179648.0,1179648.0,1179648.0,1179648.0,12.548,92.105,92.217
iteration,1080p,compatibility,3,2,369,103,True,10.8086,12.05534,12.69428,15.1978,2.6054,3.27452,3.59421,4.3138,2029448.0,2029448.0,2029448.0,2029448.0,1.0,1.0,1.0,1.0,1179648.0,1179648.0,1179648.0,1179648.0,12.0363,92.253,92.519
iteration,1080p,compatibility,4,0,375,104,True,10.6231,11.81215,12.38587,15.0481,0.0858,0.1363,0.21393,0.2999,75464.0,75464.0,75464.0,75464.0,1.0,1.0,1.0,1.0,3072.0,3072.0,3072.0,3072.0,12.4023,93.694,94.134
iteration,1080p,compatibility,4,1,369,104,True,10.5748,13.85996,17.06622,34.8145,0.0961,0.14022,0.20798,1.0001,75464.0,75464.0,75464.0,75464.0,1.0,1.0,1.0,1.0,3072.0,3072.0,3072.0,3072.0,11.9094,92.097,94.564
iteration,1080p,compatibility,4,2,377,103,True,10.6408,11.82304,12.40174,13.5383,0.0893,0.12782,0.16582,0.9616,75464.0,75464.0,75464.0,75464.0,1.0,1.0,1.0,1.0,3072.0,3072.0,3072.0,3072.0,13.3925,93.866,93.978
iteration,1080p,compatibility,5,0,377,103,True,10.5941,11.72192,12.95535,20.6564,0.1896,0.24146,0.30517,0.8507,135360.0,135360.0,135360.0,135360.0,1.0,1.0,1.0,1.0,73728.0,73728.0,73728.0,73728.0,11.3558,94.033,94.392
iteration,1080p,compatibility,5,1,378,104,True,10.56125,11.76112,12.71201,14.4656,0.2904,0.35049,0.40442,1.3181,135360.0,135360.0,135360.0,135360.0,1.0,1.0,1.0,1.0,73728.0,73728.0,73728.0,73728.0,12.8567,94.331,94.686
iteration,1080p,compatibility,5,2,377,104,True,10.5944,11.76722,13.0905,16.534,0.2271,0.30724,0.39464,1.1248,135360.0,135360.0,135360.0,135360.0,1.0,1.0,1.0,1.0,73728.0,73728.0,73728.0,73728.0,12.4869,94.181,94.389
iteration,4k,baseline,0,0,85,24,True,47.0351,49.90974,55.27699,58.7057,5.445,6.242,6.3536,6.4245,3000632.0,3001360.0,3001360.0,3001360.0,640.0,640.0,640.0,640.0,61440.0,61440.0,61440.0,61440.0,49.0948,21.192,21.261
iteration,4k,baseline,0,1,85,23,True,47.0669,49.435,50.22879,52.3109,5.445,6.03066,6.2916,6.2974,3000632.0,3000632.0,3000660.16,3000808.0,640.0,640.0,640.0,640.0,61440.0,61440.0,61440.0,61440.0,48.5214,21.205,21.246
iteration,4k,baseline,0,2,85,23,True,47.3514,49.3258,50.64439,53.7518,5.3377,6.74916,7.1687,7.6365,2970952.0,2994952.0,2994952.0,2994952.0,640.0,640.0,640.0,640.0,61440.0,61440.0,61440.0,61440.0,49.0953,21.193,21.119
iteration,4k,baseline,1,0,92,25,True,43.909,47.06104,54.81314,62.6709,5.1709,5.85867,9.38041,22.1245,5669312.0,5670008.0,5670008.0,5670008.0,320.0,320.0,320.0,320.0,1474560.0,1474560.0,1474560.0,1474560.0,44.2318,22.827,22.774
iteration,4k,baseline,1,1,92,25,True,43.74345,45.98194,50.31972,52.4301,5.27355,5.99603,6.56811,9.099,5669208.0,5669208.0,5669208.0,5669208.0,320.0,320.0,320.0,320.0,1474560.0,1474560.0,1474560.0,1474560.0,44.0619,22.863,22.861
iteration,4k,baseline,1,2,94,25,True,43.6737,46.34797,47.6138,48.5451,5.2442,5.78613,6.16678,9.8772,5667840.0,5667840.0,5668368.0,5668368.0,320.0,320.0,320.0,320.0,1474560.0,1474560.0,1474560.0,1474560.0,46.6564,23.327,22.897
iteration,4k,baseline,2,0,93,24,True,43.6934,46.53492,48.98701,53.6285,5.4253,7.23338,7.931,8.0357,5656320.0,5656320.0,5656320.0,5656320.0,320.0,320.0,320.0,320.0,1474560.0,1474560.0,1474560.0,1474560.0,45.9212,22.844,22.887
iteration,4k,baseline,2,1,92,24,True,43.67975,45.75322,50.05298,58.7514,8.42115,9.2811,12.09639,21.1862,5656320.0,5656320.0,5656320.0,5656320.0,320.0,320.0,320.0,320.0,1474560.0,1474560.0,1474560.0,1474560.0,45.8058,22.833,22.894
iteration,4k,baseline,2,2,93,24,True,43.822,45.72574,46.34525,46.4091,5.4877,6.2619,6.47554,6.4875,5656320.0,5656320.0,5656320.0,5656320.0,320.0,320.0,320.0,320.0,1474560.0,1474560.0,1474560.0,1474560.0,45.7241,22.861,22.82
iteration,4k,baseline,3,0,93,25,True,43.2661,44.86576,45.37795,45.8316,4.2729,4.8304,5.21015,5.7811,4507368.0,4507448.0,4507448.0,4507448.0,256.0,256.0,256.0,256.0,1179648.0,1179648.0,1179648.0,1179648.0,43.0252,23.202,23.113
iteration,4k,baseline,3,1,94,25,True,43.15565,44.68344,45.48494,47.3813,4.33,5.25633,6.41499,6.5623,4507368.0,4507368.0,4507368.0,4507368.0,256.0,256.0,256.0,256.0,1179648.0,1179648.0,1179648.0,1179648.0,43.4616,23.231,23.172
iteration,4k,baseline,3,2,95,25,True,43.2242,47.71615,48.57438,49.3025,4.3182,4.7365,5.0966,8.0655,4507368.0,4507368.0,4507368.0,4507368.0,256.0,256.0,256.0,256.0,1179648.0,1179648.0,1179648.0,1179648.0,44.4512,23.415,23.135
iteration,4k,baseline,4,0,101,27,True,39.9824,41.569,44.0818,48.3665,0.3241,0.3944,0.5088,0.631,152192.0,152192.0,152192.0,152192.0,32.0,32.0,32.0,32.0,3072.0,3072.0,3072.0,3072.0,40.3571,25.056,25.011
iteration,4k,baseline,4,1,101,27,True,39.9395,41.4514,41.9366,42.1852,0.4675,0.5629,0.6073,0.6333,152192.0,152192.0,152192.0,152192.0,32.0,32.0,32.0,32.0,3072.0,3072.0,3072.0,3072.0,39.8362,25.071,25.038
iteration,4k,baseline,4,2,101,27,True,39.9662,41.601,42.2305,42.6545,0.3678,0.4517,0.4743,0.4829,152192.0,152192.0,152192.0,152192.0,32.0,32.0,32.0,32.0,3072.0,3072.0,3072.0,3072.0,40.9742,25.092,25.021
iteration,4k,baseline,5,0,101,27,True,39.9251,40.8775,41.4092,41.4442,0.332,0.3879,0.432,0.4872,290080.0,290080.0,290080.0,290080.0,16.0,16.0,16.0,16.0,73728.0,73728.0,73728.0,73728.0,41.4092,25.119,25.047
iteration,4k,baseline,5,1,101,27,True,39.9202,41.0673,41.5161,41.5925,0.3515,0.4509,0.5756,0.6205,290080.0,290080.0,290080.0,290080.0,16.0,16.0,16.0,16.0,73728.0,73728.0,73728.0,73728.0,40.5825,25.14,25.05
iteration,4k,baseline,5,2,101,27,True,39.9356,41.0675,57.4414,67.0027,0.3874,0.4919,0.5427,0.5995,290064.0,290064.0,290064.0,290064.0,16.0,16.0,16.0,16.0,73728.0,73728.0,73728.0,73728.0,40.4652,25.141,25.04
iteration,4k,cached,0,0,86,23,True,46.81175,49.48915,50.89043,50.9682,4.66965,5.20087,5.95863,8.6465,2842488.0,2842488.0,2842488.0,2842488.0,640.0,640.0,640.0,640.0,0.0,0.0,0.0,0.0,47.6962,21.36,21.362
iteration,4k,cached,0,1,85,24,True,47.0509,48.73098,49.26,49.5461,4.5932,5.24636,5.70457,5.8388,2842920.0,2842920.0,2842920.0,2842920.0,640.0,640.0,640.0,640.0,0.0,0.0,0.0,0.0,47.6257,21.305,21.254
iteration,4k,cached,0,2,85,24,True,46.9742,48.68284,52.65093,61.711,4.3988,6.09132,9.05091,21.4378,2813240.0,2814040.0,2814040.0,2814040.0,640.0,640.0,640.0,640.0,0.0,0.0,0.0,0.0,49.4298,21.313,21.288
iteration,4k,cached,1,0,93,25,True,43.4783,45.0959,46.16944,52.657,2.2554,2.4804,3.24889,11.5276,1248672.0,1249472.0,1249472.0,1249472.0,320.0,320.0,320.0,320.0,0.0,0.0,0.0,0.0,43.8754,23.053,23.0
iteration,4k,cached,1,1,93,25,True,43.4443,45.02404,45.52732,45.6609,2.3014,2.52146,2.77547,2.8039,1247832.0,1248672.0,1248672.0,1248672.0,320.0,320.0,320.0,320.0,0.0,0.0,0.0,0.0,44.1839,23.052,23.018
iteration,4k,cached,1,2,93,25,True,43.3485,44.86786,45.32454,45.3779,2.3073,2.5323,2.68254,2.7106,1247304.0,1247304.0,1247304.0,1247304.0,320.0,320.0,320.0,320.0,0.0,0.0,0.0,0.0,43.6077,23.08,23.069
iteration,4k,cached,2,0,93,25,True,43.4514,44.74964,45.60942,45.6154,2.3034,2.53922,2.61219,2.7064,1240088.0,1240088.0,1240088.0,1240088.0,320.0,320.0,320.0,320.0,0.0,0.0,0.0,0.0,44.2451,23.068,23.014
iteration,4k,cached,2,1,93,25,True,43.4494,45.10068,45.64149,46.5453,2.2899,3.14672,3.41455,4.7537,1240088.0,1240088.0,1240088.0,1240088.0,320.0,320.0,320.0,320.0,0.0,0.0,0.0,0.0,44.4326,23.039,23.015
iteration,4k,cached,2,2,90,25,True,44.01845,48.46111,49.58698,50.082,2.746,3.55078,3.61501,3.6386,1240088.0,1240088.0,1240088.0,1240088.0,320.0,320.0,320.0,320.0,0.0,0.0,0.0,0.0,44.0574,22.436,22.718
iteration,4k,cached,3,0,95,25,True,42.8413,44.00223,44.75622,44.7581,1.8431,2.04335,2.16237,2.2324,970512.0,970512.0,970512.0,970512.0,256.0,256.0,256.0,256.0,0.0,0.0,0.0,0.0,43.7365,23.451,23.342
iteration,4k,cached,3,1,95,25,True,42.7295,44.04779,44.51219,44.5621,1.8323,1.9849,2.04989,2.0575,970512.0,970512.0,970512.0,970512.0,256.0,256.0,256.0,256.0,0.0,0.0,0.0,0.0,44.509,23.443,23.403
iteration,4k,cached,3,2,95,25,True,42.7476,44.16828,44.2438,44.5525,1.8351,1.99573,2.06476,2.1816,970512.0,970512.0,970512.0,970512.0,256.0,256.0,256.0,256.0,0.0,0.0,0.0,0.0,43.6025,23.485,23.393
iteration,4k,cached,4,0,101,27,True,40.036,41.2494,41.9629,41.9688,0.2955,0.3898,0.4429,0.4431,145232.0,145232.0,145232.0,145232.0,32.0,32.0,32.0,32.0,0.0,0.0,0.0,0.0,40.8416,25.01,24.978
iteration,4k,cached,4,1,100,26,True,40.1753,42.48011,42.84367,43.4441,0.4137,0.53924,0.6031,0.6225,145232.0,145232.0,145232.0,145232.0,32.0,32.0,32.0,32.0,0.0,0.0,0.0,0.0,41.3085,24.828,24.891
iteration,4k,cached,4,2,101,27,True,40.1047,41.1996,41.5836,42.1894,0.2922,0.3494,0.4698,0.5259,145232.0,145232.0,145232.0,145328.0,32.0,32.0,32.0,32.0,0.0,0.0,0.0,0.0,40.6489,25.054,24.935
iteration,4k,cached,5,0,101,27,True,39.7789,41.2989,41.4629,41.5193,0.1809,0.229,0.2789,0.2794,67144.0,67144.0,67144.0,67144.0,16.0,16.0,16.0,16.0,0.0,0.0,0.0,0.0,40.6368,25.146,25.139
iteration,4k,cached,5,1,101,27,True,39.7842,41.1457,41.918,44.3662,0.1938,0.2451,0.2874,0.3358,67144.0,67144.0,67144.0,67144.0,16.0,16.0,16.0,16.0,0.0,0.0,0.0,0.0,40.4544,25.174,25.136
iteration,4k,cached,5,2,102,27,True,39.87825,41.25132,42.17832,42.7563,0.18625,0.25016,0.3083,0.3137,67128.0,67128.0,67128.0,67128.0,16.0,16.0,16.0,16.0,0.0,0.0,0.0,0.0,41.2548,25.165,25.076
iteration,4k,compatibility,0,0,101,27,True,39.9929,41.8158,42.4317,43.0591,0.5917,0.7358,0.8049,1.152,1344704.0,1344704.0,1344704.0,1344776.0,1.0,1.0,1.0,1.0,61440.0,61440.0,61440.0,61440.0,41.8158,25.085,25.004
iteration,4k,compatibility,0,1,101,27,True,39.9155,41.4588,41.8235,43.5927,0.5477,0.6627,0.7763,1.4676,1338640.0,1344320.0,1344320.0,1344320.0,1.0,1.0,1.0,1.0,61440.0,61440.0,61440.0,61440.0,40.6824,25.053,25.053
iteration,4k,compatibility,0,2,101,27,True,39.9806,42.0833,43.8642,44.2001,0.512,0.6576,0.7771,0.7802,1314616.0,1326616.0,1326616.0,1326744.0,1.0,1.0,1.0,1.0,61440.0,61440.0,61440.0,61440.0,42.0833,25.049,25.012
iteration,4k,compatibility,1,0,100,27,True,40.11685,41.86192,42.48778,49.3071,2.696,3.08535,3.19844,3.3999,2571968.0,2571992.0,2571992.0,2571992.0,1.0,1.0,1.0,1.0,1474560.0,1474560.0,1474560.0,1474560.0,41.2702,24.935,24.927
iteration,4k,compatibility,1,1,100,27,True,40.1576,42.92616,48.49507,52.8087,2.73105,3.00882,3.47882,4.0651,2569800.0,2570402.0,2571128.0,2571128.0,1.0,1.0,1.0,1.0,1474560.0,1474560.0,1474560.0,1474560.0,46.0104,24.944,24.902
iteration,4k,compatibility,1,2,102,27,True,40.22985,41.44446,47.94198,48.1173,2.6408,2.88516,3.08738,3.1188,2569800.0,2569800.0,2569800.0,2569800.0,1.0,1.0,1.0,1.0,1474560.0,1474560.0,1474560.0,1474560.0,40.5441,25.274,24.857
iteration,4k,compatibility,2,0,95,27,True,41.9495,43.2622,43.4501,43.8778,3.8165,3.99013,4.0821,4.3469,2998464.0,2998464.0,2998464.0,2998464.0,160.0,160.0,160.0,160.0,1474560.0,1474560.0,1474560.0,1474560.0,43.2993,23.873,23.838
iteration,4k,compatibility,2,1,97,25,True,41.9923,43.28222,43.95498,44.7154,3.7941,4.17708,5.03964,5.0837,2998464.0,2998464.0,2998464.0,2998464.0,160.0,160.0,160.0,160.0,1474560.0,1474560.0,1474560.0,1474560.0,43.3719,23.852,23.814
iteration,4k,compatibility,2,2,97,25,True,41.9477,43.80234,44.28456,44.4539,3.8051,4.42674,4.95258,5.8424,2998464.0,2998464.0,2998464.0,2998464.0,160.0,160.0,160.0,160.0,1474560.0,1474560.0,1474560.0,1474560.0,42.1679,23.862,23.839
iteration,4k,compatibility,3,0,100,27,True,40.27475,41.37382,41.41473,42.101,2.1579,2.31129,2.37758,2.3953,2029664.0,2029744.0,2029744.0,2029744.0,1.0,1.0,1.0,1.0,1179648.0,1179648.0,1179648.0,1179648.0,40.3557,24.903,24.829
iteration,4k,compatibility,3,1,100,27,True,40.186,41.48827,43.01924,43.3303,2.10715,3.07385,3.46944,5.4034,2029664.0,2029664.0,2029664.0,2029664.0,1.0,1.0,1.0,1.0,1179648.0,1179648.0,1179648.0,1179648.0,40.9694,24.923,24.884
iteration,4k,compatibility,3,2,101,27,True,40.2181,44.4286,45.1079,45.5287,2.1268,2.2669,2.3977,2.5649,2029664.0,2029664.0,2029664.0,2029664.0,1.0,1.0,1.0,1.0,1179648.0,1179648.0,1179648.0,1179648.0,41.2132,25.152,24.864
iteration,4k,compatibility,4,0,102,27,True,39.69095,40.78026,41.09758,41.2119,0.1157,0.1556,0.19289,0.2322,72608.0,72608.0,72608.0,72608.0,1.0,1.0,1.0,1.0,3072.0,3072.0,3072.0,3072.0,41.2119,25.221,25.195
iteration,4k,compatibility,4,1,96,28,True,40.70105,46.47387,47.02336,47.0891,0.14655,0.19875,0.26671,0.267,72608.0,72608.0,72608.0,72608.0,1.0,1.0,1.0,1.0,3072.0,3072.0,3072.0,3072.0,40.0722,24.047,24.569
iteration,4k,compatibility,4,2,101,28,True,39.7542,41.2008,41.8378,42.0668,0.1177,0.1549,0.1631,0.1873,72608.0,72608.0,72608.0,72608.0,1.0,1.0,1.0,1.0,3072.0,3072.0,3072.0,3072.0,40.493,25.251,25.155
iteration,4k,compatibility,5,0,101,28,True,39.6165,41.1032,41.4404,41.4627,0.2179,0.2917,0.4196,0.4589,135576.0,135576.0,135576.0,135576.0,1.0,1.0,1.0,1.0,73728.0,73728.0,73728.0,73728.0,41.2869,25.262,25.242
iteration,4k,compatibility,5,1,101,28,True,39.698,40.8215,41.3125,42.0936,0.2222,0.2594,0.3256,0.3366,135576.0,135576.0,135576.0,135576.0,1.0,1.0,1.0,1.0,73728.0,73728.0,73728.0,73728.0,41.1577,25.234,25.19
iteration,4k,compatibility,5,2,101,28,True,39.6172,40.5231,40.7808,40.9465,0.2154,0.2567,0.3025,0.3034,135560.0,135576.0,135576.0,135576.0,1.0,1.0,1.0,1.0,73728.0,73728.0,73728.0,73728.0,40.7808,25.274,25.242
off,1080p,baseline,0,0,542,178,True,7.2023,8.61934,9.83089,19.3998,3.18895,3.60109,3.75923,8.9524,2369776.0,2371920.0,2371920.0,2371920.0,640.0,640.0,640.0,640.0,61440.0,61440.0,61440.0,61440.0,9.0832,135.328,138.845
off,1080p,baseline,0,1,523,239,True,7.6478,9.41901,11.96005,22.2275,3.314,3.85193,5.43333,18.4111,2369776.0,2369776.0,2369776.0,2416560.0,640.0,640.0,640.0,640.0,61440.0,61440.0,61440.0,61440.0,7.8718,130.51,130.757
off,1080p,baseline,0,2,610,218,True,6.4853,7.79919,8.38494,9.4166,2.9581,3.37467,3.52875,6.0961,2369776.0,2369776.0,2369776.0,2369776.0,640.0,640.0,640.0,640.0,61440.0,61440.0,61440.0,61440.0,7.2997,152.431,154.195
off,1080p,baseline,1,0,484,169,True,8.1469,9.27412,10.75549,18.0875,4.36455,4.79096,5.55803,13.1537,5368352.0,5369136.0,5369152.0,5369152.0,320.0,320.0,320.0,320.0,1474560.0,1474560.0,1474560.0,1474560.0,10.7407,120.869,122.746
off,1080p,baseline,1,1,486,168,True,8.05025,9.60738,10.44676,21.5312,4.32915,4.9825,5.79012,7.6782,5368352.0,5368352.0,5368352.0,5368352.0,320.0,320.0,320.0,320.0,1474560.0,1474560.0,1474560.0,1474560.0,9.0881,121.304,124.22
off,1080p,baseline,1,2,481,170,True,8.1402,9.7119,10.82782,18.7868,4.3719,5.1162,5.96998,8.1589,5368288.0,5368352.0,5368352.0,5368352.0,320.0,320.0,320.0,320.0,1474560.0,1474560.0,1474560.0,1474560.0,9.1469,120.146,122.847
off,1080p,baseline,2,0,493,176,True,7.962,9.47754,10.43998,20.046,4.2835,4.82804,5.83294,6.9394,5356712.0,5356712.0,5356712.0,5356712.0,320.0,320.0,320.0,320.0,1474560.0,1474560.0,1474560.0,1474560.0,8.977,123.066,125.597
off,1080p,baseline,2,1,489,175,True,7.9838,9.68524,10.7543,21.2675,4.2932,4.7194,5.16791,15.9471,5356712.0,5356712.0,5356712.0,5356712.0,320.0,320.0,320.0,320.0,1474560.0,1474560.0,1474560.0,1474560.0,9.3312,122.189,125.254
off,1080p,baseline,2,2,503,179,True,7.8442,8.95111,9.76752,16.4453,4.2793,4.66857,5.24602,12.9116,5356712.0,5356712.0,5356712.0,5356712.0,320.0,320.0,320.0,320.0,1474560.0,1474560.0,1474560.0,1474560.0,9.7724,125.561,127.483
off,1080p,baseline,3,0,832,202,True,4.74395,5.46052,5.76883,14.1049,3.363,3.71309,3.97252,12.9459,4267608.0,4267648.0,4267648.0,4267648.0,256.0,256.0,256.0,256.0,1179648.0,1179648.0,1179648.0,1179648.0,5.7609,208.062,210.795
off,1080p,baseline,3,1,779,210,True,4.8859,6.43886,7.15876,7.5949,3.46,4.37154,4.55872,6.043,4267608.0,4267608.0,4267608.0,4267608.0,256.0,256.0,256.0,256.0,1179648.0,1179648.0,1179648.0,1179648.0,5.96,194.667,204.671
off,1080p,baseline,3,2,769,223,True,4.8393,6.7187,7.34407,21.7734,3.449,4.48618,4.68268,20.3821,4267608.0,4267608.0,4267608.0,4267608.0,256.0,256.0,256.0,256.0,1179648.0,1179648.0,1179648.0,1179648.0,5.7702,192.182,206.641
off,1080p,baseline,4,0,3084,918,True,1.27045,1.52131,2.08883,2.5219,0.1689,0.23718,0.26633,0.339,122096.0,122096.0,122096.0,122096.0,32.0,32.0,32.0,32.0,3072.0,3072.0,3072.0,3072.0,2.0536,770.742,787.123
off,1080p,baseline,4,1,3084,917,True,1.27605,1.51087,2.04622,2.7481,0.1694,0.22781,0.25923,0.4313,122096.0,122096.0,122096.0,122096.0,32.0,32.0,32.0,32.0,3072.0,3072.0,3072.0,3072.0,2.1387,771.092,783.668
off,1080p,baseline,4,2,3057,886,True,1.287,1.54124,2.07761,2.8846,0.1711,0.23216,0.26426,0.4143,122096.0,122096.0,122096.0,122096.0,32.0,32.0,32.0,32.0,3072.0,3072.0,3072.0,3072.0,2.2977,764.362,777.001
off,1080p,baseline,5,0,2719,776,True,1.4276,1.74345,2.23083,3.2107,0.2465,0.30953,0.34956,0.868,274960.0,274960.0,274960.0,274960.0,16.0,16.0,16.0,16.0,73728.0,73728.0,73728.0,73728.0,2.7357,679.583,700.476
off,1080p,baseline,5,1,2776,788,True,1.4042,1.68342,2.1945,3.6673,0.2444,0.3016,0.34853,0.7823,274960.0,274960.0,274960.0,274960.0,16.0,16.0,16.0,16.0,73728.0,73728.0,73728.0,73728.0,2.2262,693.69,712.149
off,1080p,baseline,5,2,2718,780,True,1.4244,1.81675,2.2421,3.0383,0.2498,0.3147,0.37884,1.1222,274960.0,274960.0,274960.0,274960.0,16.0,16.0,16.0,16.0,73728.0,73728.0,73728.0,73728.0,2.2178,679.456,702.05
off,1080p,cached,0,0,683,244,True,5.7672,7.09203,7.76224,13.1465,2.2191,2.43438,2.71334,8.2233,2362400.0,2362400.0,2362400.0,2362400.0,640.0,640.0,640.0,640.0,0.0,0.0,0.0,0.0,7.2394,170.528,173.394
off,1080p,cached,0,1,687,289,True,5.7636,6.87138,7.75181,15.1147,2.2215,2.44685,2.72249,10.8854,2361600.0,2362400.0,2362400.0,2362472.0,640.0,640.0,640.0,640.0,0.0,0.0,0.0,0.0,7.1436,171.737,173.503
off,1080p,cached,0,2,712,295,True,5.4968,6.8467,7.71657,17.5725,2.1516,2.54276,2.87333,13.8266,2360232.0,2360232.0,2360232.0,2361128.0,640.0,640.0,640.0,640.0,0.0,0.0,0.0,0.0,8.8986,177.863,181.924
off,1080p,cached,1,0,926,454,True,4.2706,5.14462,5.67015,6.8365,1.0858,1.26105,1.4088,2.0092,991280.0,991280.0,991280.0,991280.0,320.0,320.0,320.0,320.0,0.0,0.0,0.0,0.0,6.3496,231.26,234.159
off,1080p,cached,1,1,928,453,True,4.2543,5.17248,5.65848,12.0397,1.0948,1.23303,1.37183,2.1825,991208.0,991280.0,991280.0,991280.0,320.0,320.0,320.0,320.0,0.0,0.0,0.0,0.0,6.187,231.815,235.056
off,1080p,cached,1,2,933,449,True,4.1646,5.18706,5.71535,16.5122,1.0837,1.28096,1.41207,3.6931,991144.0,991208.0,991208.0,991208.0,320.0,320.0,320.0,320.0,0.0,0.0,0.0,0.0,5.5939,232.829,240.119
off,1080p,cached,2,0,935,464,True,4.1713,5.27468,6.02372,15.2258,1.0773,1.31231,1.43756,2.4521,983904.0,983904.0,983904.0,983904.0,320.0,320.0,320.0,320.0,0.0,0.0,0.0,0.0,5.9038,233.81,239.733
off,1080p,cached,2,1,912,459,True,4.2028,6.03367,6.92501,14.4576,1.0754,1.24547,1.36974,10.6983,983904.0,983904.0,983904.0,983904.0,320.0,320.0,320.0,320.0,0.0,0.0,0.0,0.0,14.4576,227.878,237.937
off,1080p,cached,2,2,953,472,True,4.123,5.02336,5.57834,6.3665,1.0732,1.22486,1.32384,2.6453,983904.0,983904.0,983904.0,983904.0,320.0,320.0,320.0,320.0,0.0,0.0,0.0,0.0,5.2384,238.28,242.542
off,1080p,cached,3,0,1936,550,True,2.00985,2.6071,3.00943,12.3144,0.8656,1.04297,1.13576,10.6414,765552.0,765552.0,765552.0,765552.0,256.0,256.0,256.0,256.0,0.0,0.0,0.0,0.0,3.1084,483.796,497.55
off,1080p,cached,3,1,1700,394,True,2.2507,2.92463,3.72223,6.7238,0.9421,1.27881,1.3406,2.4683,765552.0,765552.0,765552.0,765552.0,256.0,256.0,256.0,256.0,0.0,0.0,0.0,0.0,3.7726,424.835,444.306
off,1080p,cached,3,2,1925,511,True,2.0374,2.58036,3.13611,8.4153,0.8773,1.00756,1.10697,7.1723,765552.0,765552.0,765552.0,765552.0,256.0,256.0,256.0,256.0,0.0,0.0,0.0,0.0,2.9059,481.058,490.822
off,1080p,cached,4,0,3178,928,True,1.22995,1.48628,2.04418,3.9818,0.13395,0.16421,0.21662,0.3056,122544.0,122544.0,122544.0,122544.0,32.0,32.0,32.0,32.0,0.0,0.0,0.0,0.0,2.2062,794.325,813.041
off,1080p,cached,4,1,3166,921,True,1.24515,1.45897,2.06735,2.3708,0.138,0.16357,0.19388,0.3476,122544.0,122544.0,122544.0,122544.0,32.0,32.0,32.0,32.0,0.0,0.0,0.0,0.0,2.1093,791.374,803.116
off,1080p,cached,4,2,3097,901,True,1.2699,1.48488,2.10287,2.7593,0.1398,0.1646,0.20711,0.3162,122544.0,122544.0,122544.0,122544.0,32.0,32.0,32.0,32.0,0.0,0.0,0.0,0.0,2.1489,774.092,787.464
off,1080p,cached,5,0,3222,953,True,1.2097,1.43903,2.11715,4.6083,0.0847,0.09909,0.13192,0.2515,54184.0,54184.0,54184.0,54184.0,16.0,16.0,16.0,16.0,0.0,0.0,0.0,0.0,2.1234,805.337,826.651
off,1080p,cached,5,1,3247,938,True,1.2113,1.4083,2.04738,2.3313,0.085,0.09817,0.13367,0.268,54184.0,54184.0,54184.0,54184.0,16.0,16.0,16.0,16.0,0.0,0.0,0.0,0.0,2.1543,811.574,825.559
off,1080p,cached,5,2,2994,960,True,1.26375,1.7163,2.25872,3.2238,0.0889,0.12813,0.14461,0.242,54184.0,54184.0,54184.0,54184.0,16.0,16.0,16.0,16.0,0.0,0.0,0.0,0.0,2.0996,748.562,791.296
off,1080p,compatibility,0,0,932,470,True,4.20225,5.20595,5.81856,9.006,0.50765,0.64899,0.74271,2.8284,1313736.0,1313736.0,1313736.0,1313776.0,1.0,1.0,1.0,1.0,61440.0,61440.0,61440.0,61440.0,5.9864,232.85,237.968
off,1080p,compatibility,0,1,1005,592,True,3.8918,4.72606,5.28668,7.785,0.4693,0.60704,0.69372,0.7923,1311576.0,1311656.0,1312136.0,1312136.0,1.0,1.0,1.0,1.0,61440.0,61440.0,61440.0,61440.0,7.785,250.948,256.951
off,1080p,compatibility,0,2,1025,613,True,3.8359,4.62364,5.00405,9.1727,0.4609,0.59142,0.68768,0.769,1312392.0,1312392.0,1312392.0,1312392.0,1.0,1.0,1.0,1.0,61440.0,61440.0,61440.0,61440.0,4.6388,255.983,260.695
off,1080p,compatibility,1,0,603,232,True,6.5778,7.47518,7.91235,9.3012,2.9194,3.2056,3.38147,5.656,2569720.0,2569720.0,2569720.0,2569720.0,1.0,1.0,1.0,1.0,1474560.0,1474560.0,1474560.0,1474560.0,7.7978,150.6,152.027
off,1080p,compatibility,1,1,610,237,True,6.47155,7.712,8.60984,18.2014,2.892,3.2946,3.92046,4.0836,2569720.0,2569720.0,2569720.0,2569720.0,1.0,1.0,1.0,1.0,1474560.0,1474560.0,1474560.0,1474560.0,9.7371,152.284,154.522
off,1080p,compatibility,1,2,616,221,True,6.464,7.34642,7.77588,10.6592,2.88975,3.20355,3.32901,6.1132,2569720.0,2569720.0,2569720.0,2569720.0,1.0,1.0,1.0,1.0,1474560.0,1474560.0,1474560.0,1474560.0,7.6834,153.631,154.703
off,1080p,compatibility,2,0,563,206,True,6.9991,7.92376,8.28909,9.4038,3.5055,3.80184,4.3231,4.6446,2860176.0,2860176.0,2860176.0,2860176.0,160.0,160.0,160.0,160.0,1474560.0,1474560.0,1474560.0,1474560.0,7.9309,140.753,142.876
off,1080p,compatibility,2,1,553,207,True,6.9946,8.88972,10.22818,13.222,3.4783,3.8417,4.63972,5.7335,2860176.0,2860176.0,2860176.0,2860176.0,160.0,160.0,160.0,160.0,1474560.0,1474560.0,1474560.0,1474560.0,8.6022,137.988,142.967
off,1080p,compatibility,2,2,568,211,True,6.9325,7.87726,8.65286,11.1599,3.4688,3.7919,4.57394,6.0874,2860176.0,2860176.0,2860176.0,2860176.0,160.0,160.0,160.0,160.0,1474560.0,1474560.0,1474560.0,1474560.0,7.8104,141.915,144.248
off,1080p,compatibility,3,0,1089,290,True,3.5805,4.42174,4.79838,5.9032,2.3199,2.57608,3.36871,4.6611,2028736.0,2028736.0,2028736.0,2028736.0,1.0,1.0,1.0,1.0,1179648.0,1179648.0,1179648.0,1179648.0,5.2573,272.128,279.291
off,1080p,compatibility,3,1,989,295,True,3.8729,5.0105,5.55761,6.1067,2.4417,2.97932,3.21042,4.3205,2028736.0,2028736.0,2028736.0,2028736.0,1.0,1.0,1.0,1.0,1179648.0,1179648.0,1179648.0,1179648.0,6.1067,246.943,258.204
off,1080p,compatibility,3,2,1099,295,True,3.549,4.46663,4.7872,6.0052,2.2989,2.69883,3.01443,4.5627,2028736.0,2028736.0,2028736.0,2028736.0,1.0,1.0,1.0,1.0,1179648.0,1179648.0,1179648.0,1179648.0,4.6191,274.674,281.77
off,1080p,compatibility,4,0,3272,958,True,1.1902,1.43562,1.90527,2.519,0.0548,0.07373,0.145,0.3264,71680.0,71680.0,71680.0,71680.0,1.0,1.0,1.0,1.0,3072.0,3072.0,3072.0,3072.0,2.1282,817.895,840.195
off,1080p,compatibility,4,1,3251,954,True,1.1941,1.45195,1.93165,3.02,0.0551,0.07315,0.1427,0.2911,71680.0,71680.0,71680.0,71680.0,1.0,1.0,1.0,1.0,3072.0,3072.0,3072.0,3072.0,2.0246,812.603,837.451
off,1080p,compatibility,4,2,3261,976,True,1.1944,1.4492,1.95736,2.9991,0.0554,0.0743,0.15036,0.3139,71680.0,71680.0,71680.0,71680.0,1.0,1.0,1.0,1.0,3072.0,3072.0,3072.0,3072.0,2.1855,815.024,837.24
off,1080p,compatibility,5,0,2930,834,True,1.32815,1.61092,2.11897,4.8585,0.1735,0.22904,0.28851,1.1264,134648.0,134648.0,134648.0,134648.0,1.0,1.0,1.0,1.0,73728.0,73728.0,73728.0,73728.0,2.0967,732.302,752.927
off,1080p,compatibility,5,1,2906,839,True,1.3363,1.61907,2.13252,3.1356,0.1737,0.22855,0.29349,0.4269,134648.0,134648.0,134648.0,134648.0,1.0,1.0,1.0,1.0,73728.0,73728.0,73728.0,73728.0,2.4751,726.35,748.335
off,1080p,compatibility,5,2,2915,864,True,1.3366,1.6347,2.10164,4.1873,0.1739,0.21326,0.28733,2.2879,134648.0,134648.0,134648.0,134648.0,1.0,1.0,1.0,1.0,73728.0,73728.0,73728.0,73728.0,2.1022,728.844,748.167
off,4k,baseline,0,0,577,200,True,6.8576,8.15116,8.7401,18.8485,3.0486,3.41662,3.77643,15.3977,2438480.0,2461680.0,2461680.0,2461808.0,640.0,640.0,640.0,640.0,61440.0,61440.0,61440.0,61440.0,8.5534,144.092,145.824
off,4k,baseline,0,1,587,223,True,6.6344,8.23448,9.2628,38.4024,2.9667,3.56873,3.93073,34.8236,2438480.0,2438480.0,2438520.0,2438520.0,640.0,640.0,640.0,640.0,61440.0,61440.0,61440.0,61440.0,38.4024,146.683,150.73
off,4k,baseline,0,2,597,229,True,6.6301,8.06432,8.9138,19.402,2.9901,3.54226,3.8828,5.1396,2436352.0,2436880.0,2436880.0,2436880.0,640.0,640.0,640.0,640.0,61440.0,61440.0,61440.0,61440.0,7.6105,149.16,150.827
off,4k,baseline,1,0,487,156,True,8.1178,9.58297,10.14838,20.5712,4.4391,4.96193,5.66447,9.5766,5401632.0,5401632.0,5401632.0,5401632.0,320.0,320.0,320.0,320.0,1474560.0,1474560.0,1474560.0,1474560.0,9.181,121.563,123.186
off,4k,baseline,1,1,454,159,True,8.5207,10.17181,11.30066,28.5965,4.64185,5.5588,6.20744,24.8676,5401632.0,5401632.0,5401632.0,5401632.0,320.0,320.0,320.0,320.0,1474560.0,1474560.0,1474560.0,1474560.0,9.7156,113.276,117.361
off,4k,baseline,1,2,467,163,True,8.4043,9.47287,10.18422,12.1576,4.5834,4.86186,5.70847,7.3204,5401576.0,5401576.0,5401576.0,5401576.0,320.0,320.0,320.0,320.0,1474560.0,1474560.0,1474560.0,1474560.0,9.4142,116.86,118.987
off,4k,baseline,2,0,446,162,True,8.54195,11.01582,12.40717,20.1212,4.6602,5.74167,6.30469,15.4859,5390056.0,5390056.0,5390056.0,5390056.0,320.0,320.0,320.0,320.0,1474560.0,1474560.0,1474560.0,1474560.0,10.3655,111.408,117.069
off,4k,baseline,2,1,473,164,True,8.2944,9.78682,10.26854,13.1581,4.5789,5.07098,5.72348,8.8158,5389968.0,5389992.0,5389992.0,5389992.0,320.0,320.0,320.0,320.0,1474560.0,1474560.0,1474560.0,1474560.0,10.5344,118.156,120.563
off,4k,baseline,2,2,512,179,True,7.75225,8.94356,9.42155,20.2829,4.30965,4.81321,5.11951,6.9772,5389968.0,5389968.0,5389968.0,5389968.0,320.0,320.0,320.0,320.0,1474560.0,1474560.0,1474560.0,1474560.0,9.4066,127.603,128.995
off,4k,baseline,3,0,726,216,True,5.17315,7.06047,7.66175,8.1147,3.67535,4.81538,4.96613,5.9198,4294232.0,4294232.0,4294232.0,4294232.0,256.0,256.0,256.0,256.0,1179648.0,1179648.0,1179648.0,1179648.0,6.6563,181.424,193.306
off,4k,baseline,3,1,826,217,True,4.82485,5.58145,6.13625,7.6728,3.4794,3.8815,4.0749,5.982,4294232.0,4294232.0,4294232.0,4294232.0,256.0,256.0,256.0,256.0,1179648.0,1179648.0,1179648.0,1179648.0,7.6728,206.39,207.26
off,4k,baseline,3,2,817,210,True,4.8724,5.70424,6.23987,8.203,3.5149,3.92334,4.17503,5.0453,4294232.0,4294232.0,4294232.0,4294232.0,256.0,256.0,256.0,256.0,1179648.0,1179648.0,1179648.0,1179648.0,5.7261,203.953,205.238
off,4k,baseline,4,0,1123,282,True,3.4272,4.41635,4.5715,4.9237,0.1637,0.23597,0.28941,0.4215,125424.0,125424.0,125424.0,125424.0,32.0,32.0,32.0,32.0,3072.0,3072.0,3072.0,3072.0,4.5236,280.849,291.783
off,4k,baseline,4,1,1124,282,True,3.4292,4.40323,4.58963,5.6747,0.19785,0.29079,0.36177,0.5115,125424.0,125424.0,125424.0,125424.0,32.0,32.0,32.0,32.0,3072.0,3072.0,3072.0,3072.0,4.8066,280.933,291.613
off,4k,baseline,4,2,1117,262,True,3.4285,4.46922,4.95036,11.1358,0.1737,0.2558,0.2972,0.5896,125424.0,125424.0,125424.0,125424.0,32.0,32.0,32.0,32.0,3072.0,3072.0,3072.0,3072.0,4.9339,278.87,291.673
off,4k,baseline,5,0,1122,280,True,3.4052,4.44456,4.63736,5.485,0.25585,0.31167,0.34768,1.0436,276624.0,276624.0,276624.0,276624.0,16.0,16.0,16.0,16.0,73728.0,73728.0,73728.0,73728.0,5.095,280.392,293.669
off,4k,baseline,5,1,1102,279,True,3.47595,4.53279,4.74874,5.0138,0.27465,0.41789,0.46729,0.5294,276624.0,276624.0,276624.0,276624.0,16.0,16.0,16.0,16.0,73728.0,73728.0,73728.0,73728.0,4.5413,275.226,287.691
off,4k,baseline,5,2,1107,279,True,3.4627,4.55715,4.75908,6.7438,0.2706,0.3456,0.40062,0.4497,276624.0,276624.0,276624.0,276624.0,16.0,16.0,16.0,16.0,73728.0,73728.0,73728.0,73728.0,4.5183,276.692,288.792
off,4k,cached,0,0,653,236,True,6.0478,7.2875,8.03963,11.7614,2.3026,2.59154,2.81837,5.2158,1809312.0,1809312.0,1809312.0,1809312.0,640.0,640.0,640.0,640.0,0.0,0.0,0.0,0.0,7.6346,162.994,165.349
off,4k,cached,0,1,674,260,True,5.85065,6.99112,7.73072,17.9762,2.26495,2.55385,2.68221,14.2047,1808512.0,1809312.0,1809312.0,1809448.0,640.0,640.0,640.0,640.0,0.0,0.0,0.0,0.0,7.348,168.281,170.921
off,4k,cached,0,2,681,281,True,5.748,7.2689,8.49986,18.1226,2.2629,2.7106,3.0053,3.4561,1807144.0,1807144.0,1807144.0,1807144.0,640.0,640.0,640.0,640.0,0.0,0.0,0.0,0.0,6.8792,170.153,173.974
off,4k,cached,1,0,890,281,True,4.4599,5.28836,5.85964,8.9023,1.1604,1.34446,1.46176,4.3199,745120.0,745120.0,745120.0,745120.0,320.0,320.0,320.0,320.0,0.0,0.0,0.0,0.0,5.7695,222.102,224.22
off,4k,cached,1,1,871,282,True,4.5113,5.60515,6.22678,16.366,1.1778,1.40155,1.50559,2.2679,745096.0,745120.0,745120.0,745328.0,320.0,320.0,320.0,320.0,0.0,0.0,0.0,0.0,7.6028,217.656,221.666
off,4k,cached,1,2,896,278,True,4.45385,5.2755,5.7588,6.8039,1.1712,1.34163,1.42526,3.1996,745064.0,745064.0,745064.0,745064.0,320.0,320.0,320.0,320.0,0.0,0.0,0.0,0.0,5.6998,223.472,224.525
off,4k,cached,2,0,848,281,True,4.4528,8.03571,9.02418,10.004,1.16385,1.30695,1.40767,3.3025,745080.0,745080.0,745080.0,745080.0,320.0,320.0,320.0,320.0,0.0,0.0,0.0,0.0,5.6149,211.828,224.578
off,4k,cached,2,1,903,272,True,4.3872,5.36348,5.63507,7.4154,1.1606,1.35045,1.46099,2.4263,745080.0,745080.0,745080.0,745080.0,320.0,320.0,320.0,320.0,0.0,0.0,0.0,0.0,5.7028,225.332,227.936
off,4k,cached,2,2,915,282,True,4.3521,5.1309,5.5452,6.8412,1.1524,1.30329,1.4589,2.9255,745080.0,745080.0,745080.0,745080.0,320.0,320.0,320.0,320.0,0.0,0.0,0.0,0.0,5.5251,228.626,229.774
off,4k,cached,3,0,1122,281,True,3.43,4.50873,4.99896,9.3754,0.81425,1.19354,1.30466,1.8121,568560.0,568560.0,568560.0,568560.0,256.0,256.0,256.0,256.0,0.0,0.0,0.0,0.0,5.0836,280.319,291.545
off,4k,cached,3,1,1110,282,True,3.4416,4.63311,5.1335,5.7,1.03915,1.36623,1.50038,3.5039,568560.0,568560.0,568560.0,568560.0,256.0,256.0,256.0,256.0,0.0,0.0,0.0,0.0,5.0094,277.396,290.563
off,4k,cached,3,2,1124,281,True,3.4023,4.56119,4.99345,7.1251,0.8369,0.93194,1.5989,1.8386,568560.0,568560.0,568560.0,568560.0,256.0,256.0,256.0,256.0,0.0,0.0,0.0,0.0,5.0336,280.912,293.919
off,4k,cached,4,0,1130,279,True,3.3812,4.50808,5.06434,14.4018,0.1305,0.16835,0.22675,0.9426,94512.0,94512.0,94512.0,94512.0,32.0,32.0,32.0,32.0,0.0,0.0,0.0,0.0,4.6801,282.36,295.753
off,4k,cached,4,1,1130,282,True,3.3794,4.5588,5.05262,19.3268,0.13355,0.15851,0.17608,0.8856,94512.0,94512.0,94512.0,94512.0,32.0,32.0,32.0,32.0,0.0,0.0,0.0,0.0,5.2664,282.335,295.911
off,4k,cached,4,2,1114,270,True,3.3857,4.83605,5.82889,17.2594,0.13375,0.16067,0.18778,1.1268,94512.0,94512.0,94512.0,94512.0,32.0,32.0,32.0,32.0,0.0,0.0,0.0,0.0,4.9891,278.32,295.36
off,4k,cached,5,0,1131,282,True,3.3792,4.56525,5.00671,5.4079,0.0785,0.1103,0.15804,0.4392,41512.0,41512.0,41512.0,41512.0,16.0,16.0,16.0,16.0,0.0,0.0,0.0,0.0,5.1626,282.752,295.928
off,4k,cached,5,1,1131,281,True,3.3897,4.61075,5.01938,5.8846,0.0874,0.116,0.16453,0.3991,41512.0,41512.0,41512.0,41512.0,16.0,16.0,16.0,16.0,0.0,0.0,0.0,0.0,4.974,282.421,295.011
off,4k,cached,5,2,1127,283,True,3.3998,4.69201,5.23537,5.7079,0.1139,0.1621,0.20347,0.3889,41512.0,41512.0,41512.0,41512.0,16.0,16.0,16.0,16.0,0.0,0.0,0.0,0.0,5.2892,281.874,294.135
off,4k,compatibility,0,0,997,277,True,3.8583,4.99834,5.57861,17.1036,0.48,0.58352,0.7277,13.2068,1375144.0,1375144.0,1375144.0,1421928.0,1.0,1.0,1.0,1.0,61440.0,61440.0,61440.0,61440.0,6.5374,249.139,259.182
off,4k,compatibility,0,1,1019,281,True,3.8199,4.80053,5.1282,18.1314,0.4809,0.59073,0.67531,14.7876,1372960.0,1373504.0,1374344.0,1374344.0,1.0,1.0,1.0,1.0,61440.0,61440.0,61440.0,61440.0,5.5934,254.584,261.787
off,4k,compatibility,0,2,1016,283,True,3.7916,4.85923,5.57282,15.933,0.4819,0.62755,0.75461,4.2769,1372960.0,1372960.0,1372960.0,1372960.0,1.0,1.0,1.0,1.0,61440.0,61440.0,61440.0,61440.0,5.6016,253.699,263.741
off,4k,compatibility,1,0,594,225,True,6.55035,7.85742,8.86064,19.4002,2.96375,3.53185,4.05603,6.3023,2568784.0,2568808.0,2568808.0,2568808.0,1.0,1.0,1.0,1.0,1474560.0,1474560.0,1474560.0,1474560.0,7.7923,148.258,152.664
off,4k,compatibility,1,1,613,217,True,6.4022,7.40826,7.84926,16.303,2.9254,3.14984,3.88369,12.5829,2568768.0,2568768.0,2568768.0,2568768.0,1.0,1.0,1.0,1.0,1474560.0,1474560.0,1474560.0,1474560.0,7.5926,153.047,156.196
off,4k,compatibility,1,2,610,246,True,6.31835,7.77668,8.63028,17.6379,2.91435,3.73926,4.06437,6.0284,2569584.0,2569584.0,2569584.0,2569584.0,1.0,1.0,1.0,1.0,1474560.0,1474560.0,1474560.0,1474560.0,7.3167,152.423,158.269
off,4k,compatibility,2,0,539,196,True,7.1659,9.37779,10.32642,14.125,3.6003,4.00246,4.95247,10.2727,2854952.0,2854952.0,2854952.0,2854952.0,160.0,160.0,160.0,160.0,1474560.0,1474560.0,1474560.0,1474560.0,8.3,134.402,139.55
off,4k,compatibility,2,1,561,206,True,7.0662,8.0572,8.52822,9.223,3.5822,3.8432,3.98442,5.4143,2854952.0,2854952.0,2854952.0,2854952.0,160.0,160.0,160.0,160.0,1474560.0,1474560.0,1474560.0,1474560.0,8.3142,139.918,141.519
off,4k,compatibility,2,2,558,209,True,7.0864,8.17215,8.79959,10.068,3.5869,3.82605,4.02181,6.3462,2854952.0,2854952.0,2854952.0,2854952.0,160.0,160.0,160.0,160.0,1474560.0,1474560.0,1474560.0,1474560.0,8.2236,139.478,141.115
off,4k,compatibility,3,0,1075,274,True,3.6634,4.47065,4.87934,5.9133,2.3398,2.52293,2.64197,3.9068,2028600.0,2028600.0,2028600.0,2028600.0,1.0,1.0,1.0,1.0,1179648.0,1179648.0,1179648.0,1179648.0,4.6411,268.441,272.97
off,4k,compatibility,3,1,1077,276,True,3.6469,4.40968,4.8032,5.5212,2.3362,2.5309,2.64497,2.9051,2028600.0,2028600.0,2028600.0,2028600.0,1.0,1.0,1.0,1.0,1179648.0,1179648.0,1179648.0,1179648.0,4.6315,269.219,274.205
off,4k,compatibility,3,2,1068,275,True,3.6803,4.43802,4.88211,5.3366,2.34675,2.55456,2.70753,4.0382,2028600.0,2028600.0,2028600.0,2028600.0,1.0,1.0,1.0,1.0,1179648.0,1179648.0,1179648.0,1179648.0,4.9272,266.981,271.717
off,4k,compatibility,4,0,1111,281,True,3.4206,4.65915,5.39411,6.0727,0.0654,0.10265,0.14311,0.2382,74616.0,74616.0,74616.0,74616.0,1.0,1.0,1.0,1.0,3072.0,3072.0,3072.0,3072.0,5.0385,277.557,292.346
off,4k,compatibility,4,1,1127,280,True,3.3805,4.7132,5.35981,5.7807,0.0611,0.09071,0.11239,0.1729,74616.0,74616.0,74616.0,74616.0,1.0,1.0,1.0,1.0,3072.0,3072.0,3072.0,3072.0,5.1508,281.33,295.814
off,4k,compatibility,4,2,1114,268,True,3.37755,4.92333,5.46373,11.681,0.0606,0.08454,0.1343,1.0693,74616.0,74616.0,74616.0,74616.0,1.0,1.0,1.0,1.0,3072.0,3072.0,3072.0,3072.0,6.2825,278.752,296.073
off,4k,compatibility,5,0,1122,281,True,3.38775,4.83696,5.28995,5.6261,0.1824,0.22458,0.27987,0.3452,134512.0,134512.0,134512.0,134512.0,1.0,1.0,1.0,1.0,73728.0,73728.0,73728.0,73728.0,5.3461,280.58,295.181
off,4k,compatibility,5,1,1122,280,True,3.38625,4.84884,5.19471,5.775,0.17055,0.21558,0.27136,1.1813,134512.0,134512.0,134512.0,134512.0,1.0,1.0,1.0,1.0,73728.0,73728.0,73728.0,73728.0,5.569,280.454,295.312
off,4k,compatibility,5,2,1129,282,True,3.3856,4.827,5.10449,5.3003,0.163,0.19894,0.27184,0.4793,134512.0,134512.0,134512.0,134512.0,1.0,1.0,1.0,1.0,73728.0,73728.0,73728.0,73728.0,5.147,282.079,295.369
